{"stats":{"minecraft:picked_up":{"minecraft:birch_log":3,"minecraft:crafting_table":8,"minecraft:wheat":1,"minecraft:tuff":82,"minecraft:oak_log":47,"minecraft:amethyst_block":11,"minecraft:string":5,"minecraft:dirt":14,"tombstone:gift":1,"minecraft:apple":1,"minecraft:cobbled_deepslate":257,"minecraft:stone_pickaxe":1,"minecraft:calcite":14,"minecraft:sugar_cane":13,"minecraft:chest":2,"minecraft:birch_sapling":2,"minecraft:furnace":3,"minecraft:stick":8,"minecraft:raw_iron":19,"minecraft:smooth_basalt":11,"minecraft:cooked_porkchop":7,"minecraft:torch":11,"minecraft:porkchop":12,"justhammers:stone_hammer":1,"minecraft:purple_bed":1,"minecraft:rotten_flesh":12,"minecraft:granite":12,"minecraft:oak_sapling":7,"minecraft:coal":121,"minecraft:cobblestone":134},"minecraft:custom":{"minecraft:interact_with_furnace":17,"minecraft:mob_kills":24,"minecraft:interact_with_crafting_table":18,"minecraft:interact_with_campfire":7,"minecraft:leave_game":3,"minecraft:time_since_death":48062,"minecraft:sleep_in_bed":1,"minecraft:climb_one_cm":357,"minecraft:time_since_rest":12081,"minecraft:sprint_one_cm":187392,"minecraft:damage_taken":1575,"minecraft:walk_one_cm":164676,"minecraft:drop":13,"minecraft:damage_dealt":3977,"minecraft:talked_to_villager":3,"minecraft:swim_one_cm":41740,"minecraft:fly_one_cm":109120,"minecraft:open_chest":12,"minecraft:crouch_one_cm":7906,"minecraft:play_time":97672,"tombstone:undead_killed":9,"minecraft:deaths":2,"minecraft:sneak_time":4827,"minecraft:walk_under_water_one_cm":3854,"minecraft:jump":939,"minecraft:walk_on_water_one_cm":18913,"minecraft:total_world_time":97672,"minecraft:fall_one_cm":24501},"minecraft:dropped":{"minecraft:birch_planks":1,"minecraft:cobbled_deepslate":64,"minecraft:birch_sapling":2,"minecraft:cobblestone":23,"minecraft:rotten_flesh":12,"minecraft:granite":6,"minecraft:dirt":5,"minecraft:stone_pickaxe":1,"minecraft:calcite":14,"minecraft:smooth_basalt":11},"minecraft:broken":{"justhammers:stone_hammer":1,"minecraft:stone_axe":1},"minecraft:mined":{"minecraft:tuff":2,"minecraft:crafting_table":9,"minecraft:torch":5,"minecraft:granite":6,"minecraft:grass_block":5,"minecraft:chest":2,"minecraft:sculk_sensor":1,"minecraft:cobblestone":3,"minecraft:spruce_leaves":4,"minecraft:sugar_cane":9,"minecraft:sculk":2,"minecraft:wall_torch":4,"minecraft:spawner":1,"minecraft:purple_bed":1,"minecraft:furnace":3,"minecraft:birch_log":3,"minecraft:iron_ore":20,"minecraft:sculk_shrieker":1,"minecraft:oak_log":47,"minecraft:coal_ore":39,"minecraft:deepslate_iron_ore":1,"minecraft:dirt":5,"minecraft:stone":84,"minecraft:oak_leaves":10,"minecraft:deepslate":6},"minecraft:killed":{"minecraft:pig":6,"minecraft:spider":8,"minecraft:zombie":9,"endofherobrine:pigman":1},"minecraft:used":{"minecraft:stone_sword":24,"minecraft:stone_pickaxe":146,"minecraft:wooden_pickaxe":27,"minecraft:torch":15,"minecraft:dirt":4,"minecraft:crafting_table":9,"minecraft:tuff":82,"justhammers:iron_hammer":120,"justhammers:stone_hammer":31,"minecraft:stone_axe":84,"minecraft:cobblestone":1,"minecraft:furnace":3,"minecraft:cooked_porkchop":6,"alexsmobs:animal_dictionary":2,"minecraft:cobbled_deepslate":38},"minecraft:killed_by":{"minecraft:zombie":1},"minecraft:crafted":{"minecraft:oak_planks":20,"minecraft:cooked_porkchop":5,"minecraft:crafting_table":3,"minecraft:wooden_pickaxe":2,"minecraft:furnace":1,"minecraft:birch_planks":12,"minecraft:stone_axe":1,"minecraft:air":0,"justhammers:iron_hammer":1,"minecraft:stick":16,"minecraft:iron_ingot":19,"minecraft:iron_pickaxe":1,"minecraft:stone_pickaxe":2,"minecraft:stone_sword":1,"minecraft:torch":8}},"DataVersion":3120}