{"stats":{"minecraft:picked_up":{"minecraft:birch_log":3,"minecraft:crafting_table":9,"minecraft:wheat":1,"minecraft:andesite":54,"minecraft:leather_leggings":1,"minecraft:leather":4,"minecraft:tuff":122,"minecraft:oak_log":47,"minecraft:amethyst_block":11,"minecraft:string":5,"minecraft:dirt":17,"minecraft:raw_copper":10,"tombstone:gift":1,"minecraft:apple":1,"minecraft:cobbled_deepslate":397,"minecraft:stone_pickaxe":1,"minecraft:calcite":14,"minecraft:sugar_cane":13,"minecraft:chest":2,"minecraft:birch_sapling":2,"minecraft:furnace":3,"minecraft:stick":8,"minecraft:raw_iron":30,"minecraft:smooth_basalt":11,"minecraft:cooked_porkchop":7,"minecraft:torch":17,"minecraft:gravel":2,"minecraft:porkchop":12,"justhammers:stone_hammer":1,"minecraft:diorite":90,"minecraft:purple_bed":2,"minecraft:rotten_flesh":15,"minecraft:diamond":33,"minecraft:hay_block":10,"minecraft:granite":65,"tombstone:magic_scroll":1,"minecraft:oak_sapling":7,"minecraft:coal":143,"alexsmobs:flying_fish":1,"minecraft:cobblestone":534},"minecraft:custom":{"minecraft:interact_with_furnace":17,"minecraft:mob_kills":33,"minecraft:interact_with_crafting_table":23,"minecraft:interact_with_campfire":7,"minecraft:leave_game":4,"minecraft:time_since_death":19799,"minecraft:sleep_in_bed":3,"minecraft:climb_one_cm":357,"minecraft:time_since_rest":18204,"minecraft:sprint_one_cm":261240,"minecraft:damage_taken":2484,"minecraft:walk_one_cm":242167,"minecraft:drop":24,"minecraft:damage_dealt":5876,"minecraft:talked_to_villager":3,"minecraft:swim_one_cm":51082,"minecraft:fly_one_cm":183316,"minecraft:open_chest":14,"minecraft:crouch_one_cm":10750,"minecraft:play_time":144998,"tombstone:undead_killed":13,"minecraft:deaths":3,"minecraft:sneak_time":6107,"minecraft:walk_under_water_one_cm":14971,"minecraft:jump":1561,"minecraft:interact_with_blast_furnace":1,"minecraft:walk_on_water_one_cm":30406,"minecraft:total_world_time":144998,"minecraft:fall_one_cm":34884},"minecraft:dropped":{"minecraft:birch_planks":1,"minecraft:cobbled_deepslate":64,"minecraft:tuff":40,"minecraft:birch_sapling":2,"minecraft:cobblestone":276,"minecraft:rotten_flesh":13,"minecraft:granite":6,"minecraft:dirt":5,"minecraft:andesite":72,"minecraft:leather_leggings":2,"minecraft:stone_pickaxe":1,"minecraft:calcite":14,"minecraft:smooth_basalt":11},"minecraft:broken":{"justhammers:stone_hammer":1,"minecraft:stone_axe":1,"minecraft:iron_pickaxe":1,"justhammers:iron_hammer":2},"minecraft:mined":{"minecraft:diamond_ore":14,"minecraft:tuff":22,"minecraft:deepslate_diamond_ore":14,"minecraft:crafting_table":10,"minecraft:torch":6,"minecraft:granite":6,"minecraft:grass_block":6,"minecraft:chest":2,"minecraft:sculk_sensor":1,"minecraft:copper_ore":2,"minecraft:cobblestone":8,"minecraft:spruce_leaves":4,"minecraft:sugar_cane":9,"minecraft:sculk":2,"minecraft:diorite":15,"minecraft:wall_torch":8,"minecraft:deepslate_copper_ore":1,"minecraft:spawner":2,"minecraft:hay_block":12,"minecraft:purple_bed":2,"minecraft:furnace":3,"minecraft:birch_log":3,"minecraft:iron_ore":25,"minecraft:andesite":12,"minecraft:grass":4,"minecraft:sculk_shrieker":1,"minecraft:oak_log":47,"minecraft:coal_ore":53,"minecraft:deepslate_iron_ore":1,"minecraft:gravel":2,"minecraft:dirt":7,"minecraft:stone":242,"minecraft:oak_leaves":13,"minecraft:deepslate":37},"minecraft:killed":{"minecraft:pig":6,"minecraft:zombie_villager":1,"minecraft:spider":8,"minecraft:horse":4,"minecraft:zombie":12,"endofherobrine:pigman":1,"alexsmobs:flying_fish":1},"minecraft:used":{"minecraft:diorite":9,"minecraft:stone_sword":67,"minecraft:stone_pickaxe":191,"minecraft:wooden_pickaxe":27,"minecraft:torch":25,"minecraft:dirt":7,"minecraft:crafting_table":11,"minecraft:tuff":82,"minecraft:granite":53,"justhammers:iron_hammer":264,"sophisticatedbackpacks:backpack":1,"minecraft:iron_pickaxe":251,"justhammers:stone_hammer":31,"minecraft:stone_axe":84,"minecraft:cobblestone":22,"minecraft:purple_bed":2,"minecraft:furnace":3,"minecraft:cooked_porkchop":9,"minecraft:andesite":4,"tombstone:gift":5,"alexsmobs:animal_dictionary":2,"minecraft:cobbled_deepslate":51},"minecraft:killed_by":{"minecraft:zombie":2},"minecraft:crafted":{"minecraft:oak_planks":36,"sophisticatedbackpacks:backpack":1,"minecraft:cooked_porkchop":5,"minecraft:crafting_table":3,"minecraft:iron_helmet":1,"minecraft:wooden_pickaxe":2,"minecraft:furnace":1,"minecraft:birch_planks":12,"minecraft:stone_axe":1,"minecraft:air":0,"justhammers:iron_hammer":2,"minecraft:stick":24,"minecraft:iron_ingot":19,"minecraft:iron_pickaxe":1,"minecraft:stone_pickaxe":2,"minecraft:stone_sword":1,"minecraft:iron_leggings":1,"minecraft:torch":8}},"DataVersion":3120}