{"stats":{"minecraft:picked_up":{"minecraft:birch_log":3,"minecraft:stick":6,"minecraft:crafting_table":1,"minecraft:oak_log":15,"minecraft:coal":19,"minecraft:oak_sapling":6,"minecraft:sugar_cane":4,"minecraft:birch_sapling":2,"minecraft:cobblestone":20},"minecraft:custom":{"minecraft:time_since_rest":14638,"minecraft:crouch_one_cm":279,"minecraft:play_time":14638,"minecraft:sprint_one_cm":19586,"minecraft:walk_one_cm":17482,"minecraft:sneak_time":454,"minecraft:walk_under_water_one_cm":2243,"minecraft:jump":90,"minecraft:damage_dealt":36,"minecraft:time_since_death":14638,"minecraft:walk_on_water_one_cm":9991,"minecraft:total_world_time":14638,"minecraft:swim_one_cm":24709,"minecraft:interact_with_crafting_table":4,"minecraft:fall_one_cm":1732,"minecraft:fly_one_cm":8415},"minecraft:mined":{"minecraft:coal_ore":19,"minecraft:oak_log":15,"minecraft:birch_log":3,"minecraft:stone":20,"minecraft:sugar_cane":3,"minecraft:crafting_table":2,"minecraft:oak_leaves":4},"minecraft:used":{"minecraft:crafting_table":3,"minecraft:stone_pickaxe":19,"alexsmobs:animal_dictionary":1,"minecraft:wooden_pickaxe":21},"minecraft:crafted":{"minecraft:birch_planks":12,"minecraft:stone_axe":1,"minecraft:crafting_table":2,"minecraft:wooden_pickaxe":1,"minecraft:stone_pickaxe":1}},"DataVersion":3120}