{"stats":{"minecraft:picked_up":{"minecraft:birch_log":3,"minecraft:crafting_table":9,"minecraft:wheat":1,"minecraft:andesite":8,"minecraft:leather_leggings":1,"minecraft:leather":4,"minecraft:tuff":102,"minecraft:oak_log":47,"minecraft:amethyst_block":11,"minecraft:string":5,"minecraft:dirt":14,"tombstone:gift":1,"minecraft:apple":1,"minecraft:cobbled_deepslate":268,"minecraft:stone_pickaxe":1,"minecraft:calcite":14,"minecraft:sugar_cane":13,"minecraft:chest":2,"minecraft:birch_sapling":2,"minecraft:furnace":3,"minecraft:stick":8,"minecraft:raw_iron":23,"minecraft:smooth_basalt":11,"minecraft:cooked_porkchop":7,"minecraft:torch":16,"minecraft:porkchop":12,"justhammers:stone_hammer":1,"minecraft:diorite":2,"minecraft:purple_bed":2,"minecraft:rotten_flesh":13,"minecraft:diamond":3,"minecraft:hay_block":10,"minecraft:granite":12,"minecraft:oak_sapling":7,"minecraft:coal":135,"minecraft:cobblestone":181},"minecraft:custom":{"minecraft:interact_with_furnace":17,"minecraft:mob_kills":29,"minecraft:interact_with_crafting_table":23,"minecraft:interact_with_campfire":7,"minecraft:leave_game":3,"minecraft:time_since_death":72062,"minecraft:sleep_in_bed":3,"minecraft:climb_one_cm":357,"minecraft:time_since_rest":3492,"minecraft:sprint_one_cm":228501,"minecraft:damage_taken":1928,"minecraft:walk_one_cm":194097,"minecraft:drop":16,"minecraft:damage_dealt":5186,"minecraft:talked_to_villager":3,"minecraft:swim_one_cm":45468,"minecraft:fly_one_cm":156112,"minecraft:open_chest":13,"minecraft:crouch_one_cm":8369,"minecraft:play_time":121672,"tombstone:undead_killed":10,"minecraft:deaths":2,"minecraft:sneak_time":5110,"minecraft:walk_under_water_one_cm":3926,"minecraft:jump":1237,"minecraft:walk_on_water_one_cm":19873,"minecraft:total_world_time":121672,"minecraft:fall_one_cm":30786},"minecraft:dropped":{"minecraft:birch_planks":1,"minecraft:cobbled_deepslate":64,"minecraft:birch_sapling":2,"minecraft:cobblestone":23,"minecraft:rotten_flesh":13,"minecraft:granite":6,"minecraft:dirt":5,"minecraft:leather_leggings":2,"minecraft:stone_pickaxe":1,"minecraft:calcite":14,"minecraft:smooth_basalt":11},"minecraft:broken":{"justhammers:stone_hammer":1,"minecraft:stone_axe":1},"minecraft:mined":{"minecraft:tuff":22,"minecraft:deepslate_diamond_ore":3,"minecraft:crafting_table":10,"minecraft:torch":6,"minecraft:granite":6,"minecraft:grass_block":5,"minecraft:chest":2,"minecraft:sculk_sensor":1,"minecraft:cobblestone":3,"minecraft:spruce_leaves":4,"minecraft:sugar_cane":9,"minecraft:sculk":2,"minecraft:diorite":2,"minecraft:wall_torch":7,"minecraft:spawner":1,"minecraft:hay_block":12,"minecraft:purple_bed":2,"minecraft:furnace":3,"minecraft:birch_log":3,"minecraft:iron_ore":24,"minecraft:andesite":8,"minecraft:grass":4,"minecraft:sculk_shrieker":1,"minecraft:oak_log":47,"minecraft:coal_ore":53,"minecraft:deepslate_iron_ore":1,"minecraft:dirt":5,"minecraft:stone":126,"minecraft:oak_leaves":13,"minecraft:deepslate":17},"minecraft:killed":{"minecraft:pig":6,"minecraft:spider":8,"minecraft:horse":4,"minecraft:zombie":10,"endofherobrine:pigman":1},"minecraft:used":{"minecraft:stone_sword":50,"minecraft:stone_pickaxe":146,"minecraft:wooden_pickaxe":27,"minecraft:torch":22,"minecraft:dirt":4,"minecraft:crafting_table":11,"minecraft:tuff":82,"justhammers:iron_hammer":120,"sophisticatedbackpacks:backpack":1,"minecraft:iron_pickaxe":104,"justhammers:stone_hammer":31,"minecraft:stone_axe":84,"minecraft:cobblestone":12,"minecraft:purple_bed":2,"minecraft:furnace":3,"minecraft:cooked_porkchop":8,"tombstone:gift":4,"alexsmobs:animal_dictionary":2,"minecraft:cobbled_deepslate":38},"minecraft:killed_by":{"minecraft:zombie":1},"minecraft:crafted":{"minecraft:oak_planks":36,"sophisticatedbackpacks:backpack":1,"minecraft:cooked_porkchop":5,"minecraft:crafting_table":3,"minecraft:iron_helmet":1,"minecraft:wooden_pickaxe":2,"minecraft:furnace":1,"minecraft:birch_planks":12,"minecraft:stone_axe":1,"minecraft:air":0,"justhammers:iron_hammer":2,"minecraft:stick":24,"minecraft:iron_ingot":19,"minecraft:iron_pickaxe":1,"minecraft:stone_pickaxe":2,"minecraft:stone_sword":1,"minecraft:iron_leggings":1,"minecraft:torch":8}},"DataVersion":3120}