{"stats":{"minecraft:picked_up":{"minecraft:birch_log":3,"minecraft:crafting_table":3,"minecraft:wheat":1,"minecraft:tuff":42,"minecraft:oak_log":41,"minecraft:amethyst_block":11,"minecraft:dirt":4,"minecraft:apple":1,"minecraft:cobbled_deepslate":222,"minecraft:calcite":14,"minecraft:sugar_cane":4,"minecraft:chest":2,"minecraft:birch_sapling":2,"minecraft:furnace":2,"minecraft:stick":8,"minecraft:raw_iron":11,"minecraft:smooth_basalt":11,"minecraft:torch":3,"minecraft:porkchop":5,"justhammers:stone_hammer":1,"minecraft:rotten_flesh":6,"minecraft:oak_sapling":7,"minecraft:coal":85,"minecraft:cobblestone":43},"minecraft:custom":{"minecraft:interact_with_furnace":10,"minecraft:mob_kills":6,"minecraft:interact_with_crafting_table":11,"minecraft:time_since_death":38638,"minecraft:time_since_rest":38638,"minecraft:sprint_one_cm":57293,"minecraft:damage_taken":295,"minecraft:walk_one_cm":80445,"minecraft:drop":1,"minecraft:damage_dealt":1022,"minecraft:swim_one_cm":28205,"minecraft:fly_one_cm":27496,"minecraft:open_chest":3,"minecraft:crouch_one_cm":5681,"minecraft:play_time":38638,"tombstone:undead_killed":2,"minecraft:sneak_time":2954,"minecraft:walk_under_water_one_cm":2616,"minecraft:jump":320,"minecraft:walk_on_water_one_cm":11965,"minecraft:total_world_time":38638,"minecraft:fall_one_cm":11197},"minecraft:dropped":{"minecraft:rotten_flesh":6},"minecraft:broken":{"justhammers:stone_hammer":1},"minecraft:mined":{"minecraft:crafting_table":4,"minecraft:torch":1,"minecraft:grass_block":3,"minecraft:chest":2,"minecraft:sculk_sensor":1,"minecraft:cobblestone":3,"minecraft:sugar_cane":3,"minecraft:sculk":2,"minecraft:wall_torch":1,"minecraft:spawner":1,"minecraft:furnace":2,"minecraft:birch_log":3,"minecraft:iron_ore":10,"minecraft:sculk_shrieker":1,"minecraft:coal_ore":36,"minecraft:oak_log":41,"minecraft:deepslate_iron_ore":1,"minecraft:dirt":1,"minecraft:stone":40,"minecraft:oak_leaves":8,"minecraft:deepslate":4},"minecraft:killed":{"minecraft:pig":3,"minecraft:zombie":2,"endofherobrine:pigman":1},"minecraft:used":{"minecraft:stone_pickaxe":79,"minecraft:wooden_pickaxe":24,"minecraft:torch":6,"minecraft:dirt":4,"minecraft:crafting_table":4,"minecraft:tuff":12,"justhammers:iron_hammer":46,"justhammers:stone_hammer":31,"minecraft:stone_axe":51,"minecraft:furnace":2,"minecraft:cooked_porkchop":2,"alexsmobs:animal_dictionary":2,"minecraft:cobbled_deepslate":4},"minecraft:crafted":{"minecraft:oak_planks":8,"minecraft:cooked_porkchop":5,"minecraft:crafting_table":2,"minecraft:wooden_pickaxe":1,"minecraft:furnace":1,"minecraft:birch_planks":12,"minecraft:stone_axe":1,"justhammers:iron_hammer":1,"minecraft:stick":8,"minecraft:iron_ingot":11,"minecraft:stone_pickaxe":1,"minecraft:torch":8}},"DataVersion":3120}