{"stats":{"minecraft:picked_up":{"minecraft:birch_log":3,"minecraft:crafting_table":9,"minecraft:wheat":1,"minecraft:andesite":50,"minecraft:leather_leggings":1,"minecraft:leather":4,"minecraft:tuff":122,"minecraft:oak_log":47,"minecraft:amethyst_block":11,"minecraft:string":5,"minecraft:dirt":14,"minecraft:raw_copper":10,"tombstone:gift":1,"minecraft:apple":1,"minecraft:cobbled_deepslate":371,"minecraft:stone_pickaxe":1,"minecraft:calcite":14,"minecraft:sugar_cane":13,"minecraft:chest":2,"minecraft:birch_sapling":2,"minecraft:furnace":3,"minecraft:stick":8,"minecraft:raw_iron":30,"minecraft:smooth_basalt":11,"minecraft:cooked_porkchop":7,"minecraft:torch":16,"minecraft:porkchop":12,"justhammers:stone_hammer":1,"minecraft:diorite":63,"minecraft:purple_bed":2,"minecraft:rotten_flesh":15,"minecraft:diamond":28,"minecraft:hay_block":10,"minecraft:granite":12,"tombstone:magic_scroll":1,"minecraft:oak_sapling":7,"minecraft:coal":135,"minecraft:cobblestone":368},"minecraft:custom":{"minecraft:interact_with_furnace":17,"minecraft:mob_kills":32,"minecraft:interact_with_crafting_table":23,"minecraft:interact_with_campfire":7,"minecraft:leave_game":3,"minecraft:time_since_death":8473,"minecraft:sleep_in_bed":3,"minecraft:climb_one_cm":357,"minecraft:time_since_rest":6878,"minecraft:sprint_one_cm":241583,"minecraft:damage_taken":2374,"minecraft:walk_one_cm":227557,"minecraft:drop":24,"minecraft:damage_dealt":5816,"minecraft:talked_to_villager":3,"minecraft:swim_one_cm":47705,"minecraft:fly_one_cm":162893,"minecraft:open_chest":14,"minecraft:crouch_one_cm":10750,"minecraft:play_time":133672,"tombstone:undead_killed":13,"minecraft:deaths":3,"minecraft:sneak_time":6107,"minecraft:walk_under_water_one_cm":9552,"minecraft:jump":1388,"minecraft:walk_on_water_one_cm":25933,"minecraft:total_world_time":133672,"minecraft:fall_one_cm":32528},"minecraft:dropped":{"minecraft:birch_planks":1,"minecraft:cobbled_deepslate":64,"minecraft:tuff":40,"minecraft:birch_sapling":2,"minecraft:cobblestone":276,"minecraft:rotten_flesh":13,"minecraft:granite":6,"minecraft:dirt":5,"minecraft:andesite":72,"minecraft:leather_leggings":2,"minecraft:stone_pickaxe":1,"minecraft:calcite":14,"minecraft:smooth_basalt":11},"minecraft:broken":{"justhammers:stone_hammer":1,"minecraft:stone_axe":1,"justhammers:iron_hammer":1},"minecraft:mined":{"minecraft:diamond_ore":12,"minecraft:tuff":22,"minecraft:deepslate_diamond_ore":12,"minecraft:crafting_table":10,"minecraft:torch":6,"minecraft:granite":6,"minecraft:grass_block":5,"minecraft:chest":2,"minecraft:sculk_sensor":1,"minecraft:copper_ore":2,"minecraft:cobblestone":8,"minecraft:spruce_leaves":4,"minecraft:sugar_cane":9,"minecraft:sculk":2,"minecraft:diorite":13,"minecraft:wall_torch":7,"minecraft:deepslate_copper_ore":1,"minecraft:spawner":2,"minecraft:hay_block":12,"minecraft:purple_bed":2,"minecraft:furnace":3,"minecraft:birch_log":3,"minecraft:iron_ore":25,"minecraft:andesite":8,"minecraft:grass":4,"minecraft:sculk_shrieker":1,"minecraft:oak_log":47,"minecraft:coal_ore":53,"minecraft:deepslate_iron_ore":1,"minecraft:dirt":5,"minecraft:stone":179,"minecraft:oak_leaves":13,"minecraft:deepslate":37},"minecraft:killed":{"minecraft:pig":6,"minecraft:zombie_villager":1,"minecraft:spider":8,"minecraft:horse":4,"minecraft:zombie":12,"endofherobrine:pigman":1},"minecraft:used":{"minecraft:stone_sword":64,"minecraft:stone_pickaxe":146,"minecraft:wooden_pickaxe":27,"minecraft:torch":23,"minecraft:dirt":4,"minecraft:crafting_table":11,"minecraft:tuff":82,"justhammers:iron_hammer":215,"sophisticatedbackpacks:backpack":1,"minecraft:iron_pickaxe":219,"justhammers:stone_hammer":31,"minecraft:stone_axe":84,"minecraft:cobblestone":22,"minecraft:purple_bed":2,"minecraft:furnace":3,"minecraft:cooked_porkchop":8,"tombstone:gift":5,"alexsmobs:animal_dictionary":2,"minecraft:cobbled_deepslate":42},"minecraft:killed_by":{"minecraft:zombie":2},"minecraft:crafted":{"minecraft:oak_planks":36,"sophisticatedbackpacks:backpack":1,"minecraft:cooked_porkchop":5,"minecraft:crafting_table":3,"minecraft:iron_helmet":1,"minecraft:wooden_pickaxe":2,"minecraft:furnace":1,"minecraft:birch_planks":12,"minecraft:stone_axe":1,"minecraft:air":0,"justhammers:iron_hammer":2,"minecraft:stick":24,"minecraft:iron_ingot":19,"minecraft:iron_pickaxe":1,"minecraft:stone_pickaxe":2,"minecraft:stone_sword":1,"minecraft:iron_leggings":1,"minecraft:torch":8}},"DataVersion":3120}