{"stats":{"minecraft:picked_up":{"minecraft:birch_log":3,"minecraft:raw_iron":10,"minecraft:stick":8,"minecraft:crafting_table":2,"minecraft:wheat":1,"minecraft:torch":1,"minecraft:porkchop":5,"minecraft:oak_log":41,"minecraft:dirt":4,"minecraft:rotten_flesh":6,"minecraft:apple":1,"minecraft:oak_sapling":7,"minecraft:chest":2,"minecraft:sugar_cane":4,"minecraft:birch_sapling":2,"minecraft:coal":54,"minecraft:cobblestone":37,"minecraft:furnace":1},"minecraft:custom":{"minecraft:time_since_rest":26638,"minecraft:interact_with_furnace":3,"minecraft:sprint_one_cm":39734,"minecraft:damage_taken":225,"minecraft:walk_one_cm":44892,"minecraft:mob_kills":6,"minecraft:drop":1,"minecraft:damage_dealt":1022,"minecraft:interact_with_crafting_table":5,"minecraft:swim_one_cm":28205,"minecraft:fly_one_cm":18541,"minecraft:open_chest":2,"minecraft:crouch_one_cm":1287,"minecraft:play_time":26638,"tombstone:undead_killed":2,"minecraft:sneak_time":1381,"minecraft:walk_under_water_one_cm":2520,"minecraft:jump":222,"minecraft:walk_on_water_one_cm":11764,"minecraft:time_since_death":26638,"minecraft:total_world_time":26638,"minecraft:fall_one_cm":6412},"minecraft:dropped":{"minecraft:rotten_flesh":6},"minecraft:mined":{"minecraft:furnace":1,"minecraft:iron_ore":10,"minecraft:birch_log":3,"minecraft:crafting_table":3,"minecraft:grass_block":3,"minecraft:oak_log":41,"minecraft:coal_ore":36,"minecraft:chest":2,"minecraft:dirt":1,"minecraft:stone":37,"minecraft:sugar_cane":3,"minecraft:oak_leaves":8,"minecraft:wall_torch":1,"minecraft:spawner":1},"minecraft:killed":{"minecraft:zombie":2,"minecraft:pig":3,"endofherobrine:pigman":1},"minecraft:used":{"minecraft:stone_pickaxe":63,"minecraft:wooden_pickaxe":24,"minecraft:torch":2,"minecraft:stone_axe":50,"minecraft:dirt":4,"minecraft:crafting_table":3,"minecraft:furnace":1,"minecraft:cooked_porkchop":1,"alexsmobs:animal_dictionary":2},"minecraft:crafted":{"minecraft:cooked_porkchop":5,"minecraft:crafting_table":2,"minecraft:wooden_pickaxe":1,"minecraft:stone_pickaxe":1,"minecraft:furnace":1,"minecraft:torch":8,"minecraft:birch_planks":12,"minecraft:stone_axe":1}},"DataVersion":3120}