{"stats":{"minecraft:custom":{"minecraft:jump":33,"minecraft:time_since_rest":2638,"minecraft:sprint_one_cm":4455,"minecraft:play_time":2638,"minecraft:walk_on_water_one_cm":1089,"minecraft:time_since_death":2638,"minecraft:walk_one_cm":4958,"minecraft:total_world_time":2638,"minecraft:walk_under_water_one_cm":338,"minecraft:swim_one_cm":5509,"minecraft:fall_one_cm":1254,"minecraft:fly_one_cm":3791},"minecraft:mined":{"minecraft:oak_leaves":1},"minecraft:used":{"alexsmobs:animal_dictionary":1}},"DataVersion":3120}