{"stats":{"minecraft:picked_up":{"minecraft:birch_log":3,"minecraft:crafting_table":5,"minecraft:wheat":1,"minecraft:tuff":80,"minecraft:oak_log":47,"minecraft:amethyst_block":11,"minecraft:dirt":14,"tombstone:gift":1,"minecraft:apple":1,"minecraft:cobbled_deepslate":257,"minecraft:stone_pickaxe":1,"minecraft:calcite":14,"minecraft:sugar_cane":4,"minecraft:chest":2,"minecraft:birch_sapling":2,"minecraft:furnace":2,"minecraft:stick":8,"minecraft:raw_iron":19,"minecraft:smooth_basalt":11,"minecraft:torch":3,"minecraft:porkchop":5,"justhammers:stone_hammer":1,"minecraft:rotten_flesh":6,"minecraft:granite":12,"minecraft:oak_sapling":7,"minecraft:coal":88,"minecraft:cobblestone":92},"minecraft:custom":{"minecraft:interact_with_furnace":10,"minecraft:mob_kills":9,"minecraft:interact_with_crafting_table":14,"minecraft:leave_game":3,"minecraft:time_since_death":12062,"minecraft:time_since_rest":10010,"minecraft:sprint_one_cm":93465,"minecraft:damage_taken":815,"minecraft:walk_one_cm":113360,"minecraft:drop":8,"minecraft:damage_dealt":1672,"minecraft:swim_one_cm":36964,"minecraft:fly_one_cm":55364,"minecraft:open_chest":3,"minecraft:crouch_one_cm":5932,"minecraft:play_time":61672,"tombstone:undead_killed":2,"minecraft:deaths":2,"minecraft:sneak_time":3264,"minecraft:walk_under_water_one_cm":3253,"minecraft:jump":599,"minecraft:walk_on_water_one_cm":16465,"minecraft:total_world_time":61672,"minecraft:fall_one_cm":17252},"minecraft:dropped":{"minecraft:birch_planks":1,"minecraft:cobbled_deepslate":64,"minecraft:cobblestone":13,"minecraft:rotten_flesh":6,"minecraft:granite":6,"minecraft:dirt":5,"minecraft:smooth_basalt":11},"minecraft:broken":{"justhammers:stone_hammer":1},"minecraft:mined":{"minecraft:crafting_table":6,"minecraft:torch":1,"minecraft:granite":6,"minecraft:grass_block":5,"minecraft:chest":2,"minecraft:sculk_sensor":1,"minecraft:cobblestone":3,"minecraft:sugar_cane":3,"minecraft:sculk":2,"minecraft:wall_torch":1,"minecraft:spawner":1,"minecraft:furnace":2,"minecraft:birch_log":3,"minecraft:iron_ore":20,"minecraft:sculk_shrieker":1,"minecraft:oak_log":47,"minecraft:coal_ore":39,"minecraft:deepslate_iron_ore":1,"minecraft:dirt":5,"minecraft:stone":59,"minecraft:oak_leaves":8,"minecraft:deepslate":6},"minecraft:killed":{"minecraft:pig":3,"minecraft:spider":3,"minecraft:zombie":2,"endofherobrine:pigman":1},"minecraft:used":{"minecraft:stone_pickaxe":116,"minecraft:wooden_pickaxe":27,"minecraft:torch":8,"minecraft:dirt":4,"minecraft:crafting_table":7,"minecraft:tuff":68,"justhammers:iron_hammer":116,"justhammers:stone_hammer":31,"minecraft:stone_axe":60,"minecraft:furnace":2,"minecraft:cooked_porkchop":2,"alexsmobs:animal_dictionary":2,"minecraft:cobbled_deepslate":4},"minecraft:killed_by":{"minecraft:zombie":1},"minecraft:crafted":{"minecraft:oak_planks":20,"minecraft:cooked_porkchop":5,"minecraft:crafting_table":3,"minecraft:wooden_pickaxe":2,"minecraft:furnace":1,"minecraft:birch_planks":12,"minecraft:stone_axe":1,"justhammers:iron_hammer":1,"minecraft:stick":12,"minecraft:iron_ingot":11,"minecraft:stone_pickaxe":2,"minecraft:torch":8}},"DataVersion":3120}