{"stats":{"minecraft:mined":{"minecraft:furnace":4,"minecraft:iron_ore":10,"minecraft:birch_log":15,"minecraft:andesite":8,"minecraft:birch_leaves":1,"minecraft:crafting_table":3,"minecraft:granite":1,"minecraft:grass":5,"minecraft:coal_ore":24,"minecraft:grass_block":4,"minecraft:oak_log":4,"minecraft:dripstone_block":14,"minecraft:dirt":7,"minecraft:stone":72,"minecraft:diorite":6,"minecraft:oak_leaves":1},"minecraft:crafted":{"minecraft:oak_planks":16,"minecraft:shield":1,"minecraft:crafting_table":2,"minecraft:stick":8,"minecraft:cooked_chicken":1,"minecraft:iron_pickaxe":1,"minecraft:iron_ingot":10,"minecraft:wooden_pickaxe":1,"minecraft:stone_pickaxe":1,"minecraft:furnace":2,"minecraft:bucket":1,"minecraft:birch_planks":56,"minecraft:stone_axe":1,"minecraft:cooked_mutton":5,"minecraft:air":0},"minecraft:used":{"minecraft:stone_pickaxe":100,"minecraft:iron_pickaxe":32,"minecraft:wooden_pickaxe":7,"minecraft:cooked_chicken":1,"minecraft:stone_axe":35,"minecraft:cobblestone":1,"minecraft:dirt":11,"minecraft:mutton":2,"minecraft:crafting_table":3,"minecraft:furnace":4,"minecraft:andesite":7,"tombstone:gift":1,"alexsmobs:animal_dictionary":6,"minecraft:egg":3,"minecraft:dripstone_block":7},"minecraft:killed_by":{"alexsmobs:crocodile":1},"minecraft:killed":{"minecraft:sheep":4,"minecraft:zombie":3,"alexsmobs:raccoon":3},"minecraft:custom":{"minecraft:time_since_rest":11256,"minecraft:interact_with_furnace":26,"minecraft:sprint_one_cm":42529,"minecraft:damage_taken":500,"minecraft:walk_one_cm":46086,"minecraft:mob_kills":11,"minecraft:damage_dealt":1054,"minecraft:swim_one_cm":6500,"minecraft:interact_with_crafting_table":8,"minecraft:fly_one_cm":67489,"minecraft:crouch_one_cm":14794,"minecraft:play_time":22706,"tombstone:undead_killed":3,"minecraft:deaths":1,"minecraft:sneak_time":5738,"minecraft:walk_under_water_one_cm":1776,"minecraft:jump":385,"minecraft:walk_on_water_one_cm":932,"minecraft:leave_game":1,"minecraft:time_since_death":13179,"minecraft:total_world_time":22706,"minecraft:fall_one_cm":8187},"minecraft:picked_up":{"minecraft:birch_log":14,"minecraft:crafting_table":2,"minecraft:raw_iron":10,"minecraft:feather":4,"minecraft:chicken":1,"minecraft:andesite":7,"minecraft:dripstone_block":7,"minecraft:oak_log":4,"minecraft:diorite":6,"minecraft:dirt":11,"minecraft:rotten_flesh":2,"alexsmobs:raccoon_tail":2,"minecraft:mutton":7,"minecraft:coal":66,"minecraft:furnace":4,"minecraft:white_wool":4,"minecraft:cobblestone":70,"minecraft:egg":3}},"DataVersion":3120}