{"stats":{"minecraft:mined":{"minecraft:tuff":5,"minecraft:deepslate_diamond_ore":38,"minecraft:crafting_table":7,"minecraft:granite":1,"minecraft:grass_block":4,"minecraft:diorite":6,"minecraft:furnace":4,"minecraft:birch_log":15,"minecraft:iron_ore":10,"minecraft:birch_leaves":1,"minecraft:andesite":8,"minecraft:grass":5,"minecraft:oak_log":4,"minecraft:coal_ore":24,"minecraft:dripstone_block":19,"minecraft:dirt":7,"minecraft:stone":72,"minecraft:oak_leaves":1,"minecraft:deepslate":146},"minecraft:crafted":{"minecraft:oak_planks":16,"minecraft:diamond_sword":1,"minecraft:diamond_axe":1,"minecraft:crafting_table":2,"minecraft:wooden_pickaxe":1,"minecraft:cooked_chicken":1,"minecraft:furnace":2,"minecraft:bucket":1,"minecraft:birch_planks":56,"minecraft:stone_axe":1,"minecraft:cooked_mutton":5,"minecraft:air":0,"minecraft:diamond_helmet":1,"minecraft:diamond_leggings":1,"minecraft:diamond_pickaxe":1,"minecraft:shield":1,"minecraft:stick":16,"minecraft:iron_ingot":10,"minecraft:iron_pickaxe":1,"minecraft:stone_pickaxe":1,"minecraft:diamond_boots":1,"minecraft:diamond_chestplate":1},"minecraft:used":{"minecraft:water_bucket":1,"minecraft:stone_pickaxe":100,"minecraft:shield":6,"minecraft:wooden_pickaxe":7,"minecraft:diamond_axe":13,"minecraft:cooked_chicken":1,"minecraft:dirt":11,"minecraft:mutton":2,"minecraft:crafting_table":7,"minecraft:dripstone_block":7,"minecraft:diamond_pickaxe":176,"minecraft:iron_pickaxe":50,"minecraft:stone_axe":46,"minecraft:cobblestone":9,"minecraft:furnace":4,"minecraft:bucket":2,"minecraft:andesite":7,"tombstone:gift":1,"alexsmobs:animal_dictionary":6,"minecraft:egg":3},"minecraft:killed":{"alexsmobs:raccoon":3,"minecraft:spider":3,"minecraft:sheep":4,"minecraft:skeleton":1,"minecraft:zombie":7},"minecraft:killed_by":{"alexsmobs:crocodile":1},"minecraft:custom":{"minecraft:interact_with_furnace":26,"minecraft:mob_kills":20,"minecraft:interact_with_crafting_table":14,"minecraft:leave_game":1,"minecraft:time_since_death":25179,"minecraft:time_since_rest":23256,"minecraft:sprint_one_cm":52863,"minecraft:damage_taken":730,"minecraft:walk_one_cm":64198,"minecraft:damage_blocked_by_shield":130,"minecraft:damage_dealt":2713,"minecraft:swim_one_cm":6500,"minecraft:fly_one_cm":80429,"minecraft:crouch_one_cm":27781,"minecraft:play_time":34706,"tombstone:undead_killed":8,"minecraft:deaths":1,"minecraft:sneak_time":11196,"minecraft:walk_under_water_one_cm":1776,"minecraft:jump":494,"minecraft:walk_on_water_one_cm":1274,"minecraft:total_world_time":34706,"minecraft:fall_one_cm":11629},"minecraft:picked_up":{"minecraft:birch_log":14,"minecraft:crafting_table":6,"minecraft:feather":4,"minecraft:chicken":1,"minecraft:andesite":7,"minecraft:tuff":5,"minecraft:oak_log":4,"minecraft:dirt":11,"minecraft:string":3,"minecraft:bone":2,"minecraft:cobbled_deepslate":144,"minecraft:raw_gold":2,"alexsmobs:raccoon_tail":2,"minecraft:egg":3,"minecraft:furnace":4,"minecraft:raw_iron":10,"minecraft:dripstone_block":12,"tombstone:grave_dust":2,"minecraft:diorite":6,"minecraft:arrow":2,"minecraft:rotten_flesh":4,"minecraft:diamond":38,"tombstone:magic_scroll":2,"minecraft:mutton":7,"minecraft:coal":66,"minecraft:white_wool":4,"minecraft:cobblestone":70}},"DataVersion":3120}