{"stats":{"minecraft:mined":{"minecraft:birch_log":15,"minecraft:birch_leaves":1,"minecraft:crafting_table":1,"minecraft:grass":4,"minecraft:grass_block":2,"minecraft:oak_log":4,"minecraft:dirt":4,"minecraft:stone":7,"minecraft:oak_leaves":1},"minecraft:crafted":{"minecraft:oak_planks":16,"minecraft:crafting_table":1,"minecraft:stick":8,"minecraft:wooden_pickaxe":1,"minecraft:stone_pickaxe":1,"minecraft:birch_planks":56,"minecraft:stone_axe":1},"minecraft:used":{"minecraft:wooden_pickaxe":7,"minecraft:stone_axe":28,"minecraft:dirt":6,"minecraft:mutton":1,"minecraft:crafting_table":1,"alexsmobs:animal_dictionary":6,"minecraft:egg":3},"minecraft:killed_by":{"alexsmobs:crocodile":1},"minecraft:killed":{"minecraft:sheep":4,"minecraft:zombie":1,"alexsmobs:raccoon":3},"minecraft:custom":{"minecraft:time_since_rest":1,"minecraft:sprint_one_cm":28172,"minecraft:damage_taken":310,"minecraft:walk_one_cm":30495,"minecraft:mob_kills":9,"minecraft:damage_dealt":619,"minecraft:swim_one_cm":1036,"minecraft:interact_with_crafting_table":2,"minecraft:fly_one_cm":31831,"minecraft:crouch_one_cm":4979,"minecraft:play_time":10706,"tombstone:undead_killed":1,"minecraft:deaths":1,"minecraft:sneak_time":1668,"minecraft:walk_under_water_one_cm":771,"minecraft:jump":229,"minecraft:walk_on_water_one_cm":129,"minecraft:leave_game":1,"minecraft:time_since_death":1179,"minecraft:total_world_time":10706,"minecraft:fall_one_cm":3156},"minecraft:picked_up":{"minecraft:birch_log":14,"minecraft:feather":4,"minecraft:chicken":1,"minecraft:oak_log":4,"minecraft:dirt":6,"alexsmobs:raccoon_tail":2,"minecraft:mutton":7,"minecraft:white_wool":4,"minecraft:cobblestone":7,"minecraft:egg":3}},"DataVersion":3120}