{"stats":{"minecraft:mined":{"minecraft:grass_block":1},"minecraft:custom":{"minecraft:jump":22,"minecraft:time_since_rest":5318,"minecraft:leave_game":3,"minecraft:play_time":5318,"minecraft:sprint_one_cm":437,"minecraft:time_since_death":5318,"minecraft:walk_on_water_one_cm":3047,"minecraft:walk_one_cm":3631,"minecraft:total_world_time":5318,"minecraft:walk_under_water_one_cm":669,"minecraft:fall_one_cm":478,"minecraft:fly_one_cm":964},"minecraft:picked_up":{"minecraft:dirt":1}},"DataVersion":3120}