{"stats":{"minecraft:mined":{"minecraft:grass":1,"minecraft:dirt":11,"minecraft:birch_log":29,"minecraft:stone":11,"minecraft:birch_leaves":2,"vct:birch_crafting_table":1},"minecraft:custom":{"minecraft:time_since_rest":4103,"minecraft:crouch_one_cm":168,"minecraft:play_time":4103,"minecraft:sprint_one_cm":8442,"minecraft:damage_taken":90,"minecraft:walk_one_cm":7443,"minecraft:sneak_time":120,"minecraft:mob_kills":2,"minecraft:drop":1,"minecraft:jump":31,"minecraft:damage_dealt":150,"minecraft:walk_on_water_one_cm":85,"minecraft:time_since_death":4103,"minecraft:total_world_time":4103,"minecraft:fall_one_cm":209,"minecraft:interact_with_crafting_table":4,"minecraft:fly_one_cm":4121},"minecraft:killed":{"naturalist:lizard_tail":1,"naturalist:lizard":1},"minecraft:dropped":{"naturalist:lizard_tail":1},"minecraft:picked_up":{"minecraft:birch_log":30,"vct:birch_crafting_table":1,"minecraft:birch_sapling":2,"naturalist:lizard_tail":1,"minecraft:dirt":11,"minecraft:cobblestone":11},"minecraft:crafted":{"minecraft:stone_sword":1,"minecraft:stone_shovel":1,"minecraft:birch_planks":28,"minecraft:stone_axe":1,"minecraft:stick":12,"vct:birch_crafting_table":1,"minecraft:wooden_pickaxe":1,"minecraft:stone_pickaxe":1},"minecraft:used":{"vct:birch_crafting_table":1,"minecraft:stone_axe":23,"minecraft:stone_sword":3,"minecraft:dirt":7,"minecraft:stone_shovel":4,"minecraft:stone_pickaxe":8,"minecraft:wooden_pickaxe":4}},"DataVersion":3120}