{"stats":{"minecraft:mined":{"minecraft:birch_log":14,"minecraft:crafting_table":1,"minecraft:grass":14,"minecraft:coal_ore":37,"minecraft:grass_block":2,"minecraft:oak_log":48,"ecologics:walnut_leaves":5,"minecraft:dirt":7,"minecraft:tall_grass":9,"ecologics:walnut_log":8,"minecraft:stone":18,"minecraft:sugar_cane":2,"minecraft:oak_leaves":33},"minecraft:custom":{"minecraft:time_since_rest":16818,"minecraft:damage_taken":145,"minecraft:sprint_one_cm":50534,"minecraft:walk_one_cm":38445,"minecraft:mob_kills":31,"minecraft:drop":5,"minecraft:damage_dealt":2870,"minecraft:swim_one_cm":4616,"minecraft:interact_with_crafting_table":3,"minecraft:fly_one_cm":75496,"minecraft:crouch_one_cm":296,"minecraft:play_time":16818,"minecraft:walk_under_water_one_cm":217,"minecraft:sneak_time":187,"minecraft:jump":374,"minecraft:leave_game":1,"minecraft:walk_on_water_one_cm":1718,"minecraft:time_since_death":16818,"minecraft:total_world_time":16818,"minecraft:fall_one_cm":8630},"minecraft:crafted":{"minecraft:stone_shovel":1,"minecraft:crafting_table":1,"minecraft:stick":16,"ecologics:walnut_planks":16,"minecraft:wooden_pickaxe":1,"minecraft:stone_pickaxe":1,"minecraft:stone_sword":1,"minecraft:torch":16,"minecraft:stone_axe":1},"minecraft:dropped":{"minecraft:stone_axe":1,"minecraft:wheat_seeds":2,"ecologics:walnut":1,"minecraft:wooden_pickaxe":1},"minecraft:used":{"minecraft:stone_sword":63,"minecraft:bread":4,"minecraft:stone_pickaxe":54,"minecraft:wooden_pickaxe":4,"ecologics:walnut_sapling":4,"minecraft:stone_axe":72,"minecraft:dirt":3,"minecraft:crafting_table":1,"minecraft:oak_sapling":4},"minecraft:picked_up":{"minecraft:birch_log":14,"minecraft:stick":1,"minecraft:crafting_table":1,"ecologics:walnut":2,"minecraft:feather":7,"minecraft:chicken":4,"ecologics:walnut_log":8,"minecraft:leather":7,"minecraft:porkchop":36,"minecraft:oak_log":48,"minecraft:dirt":9,"minecraft:rotten_flesh":2,"minecraft:apple":1,"ecologics:walnut_sapling":4,"minecraft:stone_axe":1,"minecraft:wheat_seeds":2,"minecraft:beef":8,"minecraft:oak_sapling":4,"minecraft:sugar_cane":5,"minecraft:mutton":4,"minecraft:coal":31,"minecraft:white_wool":3,"minecraft:cobblestone":18},"minecraft:killed":{"minecraft:sheep":3,"minecraft:horse":1,"minecraft:zombie":1,"minecraft:pig":18,"minecraft:chicken":4,"minecraft:cow":4}},"DataVersion":3120}