{"stats":{"minecraft:mined":{"minecraft:grass_block":10,"minecraft:poppy":1,"ecologics:walnut_leaves":4,"minecraft:chest":1,"minecraft:dirt":3,"minecraft:tall_grass":1,"ecologics:walnut_log":3},"minecraft:custom":{"minecraft:open_chest":2,"minecraft:time_since_rest":11466,"minecraft:crouch_one_cm":140,"minecraft:play_time":11466,"minecraft:sprint_one_cm":16312,"minecraft:damage_taken":235,"minecraft:walk_one_cm":27852,"minecraft:sneak_time":83,"minecraft:walk_under_water_one_cm":187,"minecraft:drop":1,"minecraft:jump":193,"minecraft:damage_dealt":118,"minecraft:time_since_death":11466,"minecraft:walk_on_water_one_cm":497,"minecraft:total_world_time":11466,"minecraft:fall_one_cm":3997,"minecraft:fly_one_cm":19811},"minecraft:dropped":{"minecraft:wheat_seeds":1},"minecraft:picked_up":{"minecraft:leather_boots":1,"minecraft:leather_chestplate":1,"ecologics:walnut":2,"ecologics:walnut_log":3,"minecraft:leather_leggings":1,"minecraft:wheat_seeds":1,"minecraft:poppy":1,"minecraft:chest":1,"minecraft:dirt":13,"minecraft:leather_helmet":1},"minecraft:used":{"minecraft:stone_axe":1,"minecraft:dirt":7,"minecraft:bread":2,"minecraft:poppy":1}},"DataVersion":3120}