{"stats":{"minecraft:mined":{"minecraft:crafting_table":1,"minecraft:grass":1,"minecraft:grass_block":3,"minecraft:oak_log":10,"minecraft:chest":1,"minecraft:dirt":6,"minecraft:stone":9,"minecraft:oak_leaves":3},"minecraft:crafted":{"minecraft:oak_planks":40,"minecraft:crafting_table":1,"minecraft:stick":8,"minecraft:wooden_pickaxe":1,"minecraft:stone_pickaxe":1,"minecraft:stone_axe":1},"minecraft:used":{"minecraft:apple":1,"minecraft:stone_pickaxe":6,"minecraft:oak_planks":28,"minecraft:wooden_pickaxe":10,"minecraft:stone_axe":27,"minecraft:dirt":6,"minecraft:beef":5,"minecraft:crafting_table":1,"alexsmobs:animal_dictionary":3},"minecraft:killed":{"minecraft:sheep":4,"minecraft:wolf":1,"minecraft:zombie":1,"minecraft:drowned":1,"minecraft:cow":4},"minecraft:custom":{"minecraft:time_since_rest":20377,"minecraft:sprint_one_cm":51422,"minecraft:damage_taken":188,"minecraft:walk_one_cm":23085,"minecraft:mob_kills":11,"minecraft:damage_dealt":1291,"minecraft:swim_one_cm":1710,"minecraft:interact_with_crafting_table":7,"minecraft:fly_one_cm":48094,"minecraft:open_chest":3,"minecraft:crouch_one_cm":13088,"minecraft:play_time":20377,"tombstone:undead_killed":2,"minecraft:sneak_time":3267,"minecraft:walk_under_water_one_cm":2086,"minecraft:jump":299,"minecraft:walk_on_water_one_cm":6469,"minecraft:time_since_death":20377,"minecraft:climb_one_cm":542,"minecraft:total_world_time":20377,"minecraft:fall_one_cm":7710},"minecraft:picked_up":{"minecraft:crafting_table":1,"minecraft:leather":4,"minecraft:oak_log":10,"minecraft:dirt":9,"minecraft:string":3,"minecraft:rotten_flesh":2,"minecraft:apple":1,"minecraft:echo_shard":1,"minecraft:beef":9,"minecraft:gray_wool":1,"minecraft:chest":1,"minecraft:black_wool":1,"minecraft:mutton":5,"minecraft:white_wool":1,"minecraft:cobblestone":9}},"DataVersion":3120}