{"stats":{"minecraft:mined":{"minecraft:grass_block":3,"minecraft:oak_log":10,"minecraft:dirt":4,"minecraft:stone":9,"minecraft:crafting_table":1},"minecraft:crafted":{"minecraft:oak_planks":12,"minecraft:stone_axe":1,"minecraft:crafting_table":1,"minecraft:stick":8,"minecraft:stone_pickaxe":1,"minecraft:wooden_pickaxe":1},"minecraft:used":{"minecraft:stone_axe":8,"minecraft:crafting_table":1,"minecraft:stone_pickaxe":6,"alexsmobs:animal_dictionary":1,"minecraft:wooden_pickaxe":10},"minecraft:custom":{"minecraft:time_since_rest":8377,"minecraft:crouch_one_cm":754,"minecraft:play_time":8377,"minecraft:sprint_one_cm":8086,"minecraft:walk_one_cm":6812,"minecraft:sneak_time":439,"minecraft:walk_under_water_one_cm":531,"minecraft:jump":54,"minecraft:time_since_death":8377,"minecraft:walk_on_water_one_cm":1887,"minecraft:total_world_time":8377,"minecraft:swim_one_cm":239,"minecraft:interact_with_crafting_table":7,"minecraft:fall_one_cm":1372,"minecraft:fly_one_cm":5781},"minecraft:picked_up":{"minecraft:crafting_table":1,"minecraft:oak_log":10,"minecraft:dirt":7,"minecraft:cobblestone":9}},"DataVersion":3120}