{"stats":{"minecraft:picked_up":{"minecraft:stick":2,"minecraft:crafting_table":2,"minecraft:porkchop":7,"minecraft:oak_log":11,"minecraft:dirt":5,"minecraft:oak_sapling":2,"minecraft:cobblestone":12},"minecraft:custom":{"minecraft:time_since_rest":14447,"minecraft:sprint_one_cm":17217,"minecraft:damage_taken":130,"minecraft:walk_one_cm":29588,"minecraft:mob_kills":4,"minecraft:drop":1,"minecraft:damage_dealt":430,"minecraft:swim_one_cm":6311,"minecraft:interact_with_crafting_table":3,"minecraft:fly_one_cm":19272,"minecraft:crouch_one_cm":49,"minecraft:play_time":14447,"minecraft:sneak_time":74,"minecraft:walk_under_water_one_cm":3030,"minecraft:jump":230,"minecraft:leave_game":2,"minecraft:walk_on_water_one_cm":4012,"minecraft:time_since_death":14447,"minecraft:total_world_time":14447,"minecraft:fall_one_cm":5151},"minecraft:dropped":{"minecraft:stick":5},"minecraft:mined":{"minecraft:crafting_table":1,"minecraft:grass_block":2,"minecraft:oak_log":11,"minecraft:dirt":3,"minecraft:stone":12,"minecraft:oak_leaves":6},"minecraft:killed":{"minecraft:pig":3,"alexsmobs:terrapin":1},"minecraft:used":{"minecraft:wooden_axe":18,"minecraft:stone_pickaxe":8,"minecraft:wooden_pickaxe":4,"minecraft:dirt":5,"minecraft:crafting_table":2,"minecraft:oak_sapling":2,"minecraft:porkchop":4,"alexsmobs:animal_dictionary":7},"minecraft:crafted":{"minecraft:wooden_sword":1,"minecraft:oak_planks":44,"minecraft:crafting_table":1,"minecraft:stick":12,"minecraft:wooden_pickaxe":1,"minecraft:stone_pickaxe":1,"minecraft:wooden_axe":1,"minecraft:stone_axe":1}},"DataVersion":3120}