{"stats":{"minecraft:mined":{"minecraft:grass":3,"ecologics:walnut_leaves":3,"minecraft:gravel":1,"minecraft:dirt":2,"ecologics:walnut_log":4,"minecraft:crafting_table":1},"minecraft:custom":{"minecraft:open_chest":3,"minecraft:time_since_rest":14045,"minecraft:crouch_one_cm":993,"minecraft:play_time":14045,"minecraft:sprint_one_cm":26822,"minecraft:damage_taken":118,"minecraft:walk_one_cm":26906,"minecraft:sneak_time":445,"minecraft:drop":1,"minecraft:jump":228,"minecraft:damage_dealt":165,"minecraft:time_since_death":14045,"minecraft:total_world_time":14045,"minecraft:interact_with_crafting_table":2,"minecraft:fly_one_cm":38986,"minecraft:fall_one_cm":5401},"minecraft:crafted":{"minecraft:wooden_sword":1,"minecraft:crafting_table":1,"minecraft:stick":8,"minecraft:wooden_pickaxe":1,"ecologics:walnut_planks":16,"minecraft:wooden_axe":1},"minecraft:dropped":{"minecraft:wheat_seeds":1},"minecraft:used":{"minecraft:wooden_axe":1,"minecraft:dirt":2,"minecraft:crafting_table":1,"minecraft:bread":2,"minecraft:gravel":1},"minecraft:picked_up":{"minecraft:crafting_table":1,"ecologics:walnut":3,"ecologics:walnut_log":4,"minecraft:wheat_seeds":1,"minecraft:gravel":1,"minecraft:dirt":2}},"DataVersion":3120}