{"stats":{"minecraft:picked_up":{"minecraft:stick":2,"minecraft:crafting_table":2,"minecraft:porkchop":7,"minecraft:oak_log":22,"tombstone:grave_dust":2,"minecraft:dirt":5,"minecraft:apple":1,"minecraft:oak_sapling":3,"minecraft:cobblestone":12},"minecraft:custom":{"minecraft:time_since_rest":26447,"minecraft:interact_with_furnace":2,"minecraft:sprint_one_cm":43803,"minecraft:damage_taken":170,"minecraft:walk_one_cm":38670,"minecraft:mob_kills":5,"minecraft:drop":1,"minecraft:damage_dealt":636,"minecraft:swim_one_cm":13162,"minecraft:interact_with_crafting_table":3,"minecraft:fly_one_cm":44680,"minecraft:crouch_one_cm":1220,"minecraft:play_time":26447,"tombstone:undead_killed":1,"minecraft:sneak_time":337,"minecraft:walk_under_water_one_cm":5587,"minecraft:jump":367,"minecraft:leave_game":2,"minecraft:walk_on_water_one_cm":6514,"minecraft:time_since_death":26447,"minecraft:total_world_time":26447,"minecraft:fall_one_cm":7899},"minecraft:dropped":{"minecraft:stick":5},"minecraft:mined":{"minecraft:birch_leaves":1,"minecraft:crafting_table":2,"minecraft:grass":1,"minecraft:grass_block":3,"minecraft:oak_log":23,"minecraft:dirt":3,"minecraft:stone":12,"minecraft:oak_leaves":7},"minecraft:killed":{"minecraft:skeleton":1,"minecraft:pig":3,"alexsmobs:terrapin":1},"minecraft:used":{"minecraft:wooden_axe":18,"minecraft:apple":1,"minecraft:stone_pickaxe":8,"minecraft:oak_planks":27,"minecraft:wooden_pickaxe":4,"minecraft:stone_axe":18,"minecraft:dirt":5,"minecraft:crafting_table":2,"minecraft:oak_sapling":2,"minecraft:porkchop":7,"alexsmobs:animal_dictionary":11},"minecraft:crafted":{"minecraft:wooden_sword":1,"minecraft:oak_planks":88,"minecraft:crafting_table":1,"minecraft:stick":16,"minecraft:wooden_pickaxe":1,"minecraft:stone_pickaxe":1,"minecraft:wooden_axe":1,"minecraft:stone_sword":1,"minecraft:stone_axe":1}},"DataVersion":3120}