{"stats":{"minecraft:dropped":{"minecraft:stick":5},"minecraft:mined":{"minecraft:crafting_table":5,"minecraft:acacia_log":6,"minecraft:grass_block":11,"minecraft:rose_bush":1,"minecraft:sugar_cane":5,"minecraft:furnace":1,"minecraft:birch_leaves":1,"minecraft:grass":6,"minecraft:oak_log":23,"minecraft:dirt":3,"minecraft:acacia_planks":1,"minecraft:stone":16,"minecraft:oak_leaves":7},"minecraft:crafted":{"minecraft:cooked_beef":8,"minecraft:wooden_sword":1,"minecraft:oak_planks":88,"minecraft:cooked_porkchop":8,"minecraft:crafting_table":1,"minecraft:wooden_pickaxe":1,"minecraft:furnace":1,"minecraft:stone_axe":1,"minecraft:air":0,"minecraft:oak_boat":1,"minecraft:stick":16,"minecraft:stone_pickaxe":1,"minecraft:wooden_axe":1,"minecraft:stone_sword":1,"minecraft:acacia_planks":24},"minecraft:used":{"minecraft:stone_sword":8,"minecraft:stone_pickaxe":17,"minecraft:oak_planks":49,"minecraft:wooden_pickaxe":4,"minecraft:dirt":5,"minecraft:crafting_table":5,"minecraft:spider_eye":1,"minecraft:wooden_axe":18,"minecraft:apple":1,"minecraft:stone_axe":66,"minecraft:beef":3,"minecraft:furnace":1,"minecraft:oak_sapling":2,"minecraft:porkchop":7,"alexsmobs:animal_dictionary":17,"minecraft:oak_boat":5,"minecraft:cooked_beef":3,"minecraft:acacia_planks":24},"minecraft:killed":{"endofherobrine:pig":1,"minecraft:pig":6,"alexsmobs:raccoon":2,"minecraft:spider":1,"minecraft:sheep":4,"minecraft:skeleton":1,"alexsmobs:elephant":1,"alexsmobs:terrapin":1,"minecraft:cow":4},"minecraft:custom":{"minecraft:interact_with_furnace":6,"minecraft:mob_kills":21,"minecraft:interact_with_crafting_table":6,"minecraft:leave_game":4,"minecraft:time_since_death":60273,"minecraft:sleep_in_bed":1,"minecraft:time_since_rest":5494,"minecraft:sprint_one_cm":93706,"minecraft:damage_taken":1024,"minecraft:walk_one_cm":79372,"minecraft:drop":1,"minecraft:damage_dealt":3629,"minecraft:swim_one_cm":18842,"minecraft:fly_one_cm":117953,"minecraft:crouch_one_cm":2985,"minecraft:play_time":60273,"tombstone:undead_killed":1,"minecraft:sneak_time":2185,"minecraft:walk_under_water_one_cm":7043,"minecraft:boat_one_cm":212291,"minecraft:jump":1809,"minecraft:walk_on_water_one_cm":9584,"minecraft:total_world_time":60273,"minecraft:fall_one_cm":20644},"minecraft:picked_up":{"minecraft:crafting_table":5,"minecraft:leather":2,"minecraft:brown_wool":1,"minecraft:oak_log":22,"minecraft:dirt":10,"minecraft:acacia_planks":1,"minecraft:apple":1,"minecraft:beef":11,"minecraft:oak_boat":5,"minecraft:rose_bush":1,"minecraft:light_gray_wool":1,"minecraft:sugar_cane":9,"minecraft:oak_planks":3,"minecraft:furnace":1,"minecraft:stick":2,"minecraft:acacia_log":6,"minecraft:porkchop":15,"tombstone:grave_dust":2,"minecraft:spider_eye":1,"minecraft:oak_sapling":3,"minecraft:mutton":6,"minecraft:white_wool":2,"minecraft:cobblestone":16}},"DataVersion":3120}