{"stats":{"minecraft:dropped":{"minecraft:stick":5},"minecraft:mined":{"minecraft:crafting_table":5,"minecraft:cornflower":1,"minecraft:acacia_log":6,"minecraft:grass_block":11,"minecraft:rose_bush":1,"minecraft:sugar_cane":5,"minecraft:furnace":1,"minecraft:carrots":7,"minecraft:wheat":13,"minecraft:birch_leaves":1,"minecraft:grass":11,"minecraft:potatoes":2,"minecraft:oak_log":23,"minecraft:dirt":4,"minecraft:acacia_planks":1,"minecraft:stone":16,"minecraft:oak_leaves":7},"minecraft:crafted":{"minecraft:cooked_beef":8,"minecraft:wooden_sword":1,"minecraft:oak_planks":88,"minecraft:cooked_porkchop":8,"minecraft:crafting_table":1,"minecraft:wooden_pickaxe":1,"minecraft:furnace":1,"minecraft:stone_axe":1,"minecraft:air":0,"minecraft:oak_boat":1,"minecraft:stick":16,"minecraft:stone_pickaxe":1,"minecraft:wooden_axe":1,"minecraft:stone_sword":1,"minecraft:acacia_planks":24},"minecraft:used":{"minecraft:wheat_seeds":20,"minecraft:stone_sword":25,"minecraft:stone_pickaxe":17,"minecraft:oak_planks":49,"minecraft:wooden_pickaxe":4,"minecraft:dirt":11,"minecraft:crafting_table":5,"minecraft:spider_eye":1,"minecraft:wooden_axe":18,"minecraft:apple":3,"minecraft:stone_axe":76,"minecraft:beef":3,"minecraft:cooked_porkchop":1,"minecraft:furnace":1,"minecraft:oak_sapling":2,"minecraft:porkchop":7,"alexsmobs:animal_dictionary":23,"minecraft:oak_boat":5,"minecraft:cooked_beef":5,"minecraft:acacia_planks":24},"minecraft:killed":{"endofherobrine:pig":1,"minecraft:pig":6,"alexsmobs:raccoon":2,"minecraft:spider":1,"minecraft:sheep":5,"minecraft:skeleton":1,"minecraft:zombie":3,"alexsmobs:elephant":2,"alexsmobs:terrapin":1,"minecraft:chicken":1,"minecraft:cow":4},"minecraft:custom":{"minecraft:interact_with_furnace":6,"minecraft:mob_kills":27,"minecraft:interact_with_crafting_table":6,"minecraft:leave_game":4,"minecraft:time_since_death":108273,"minecraft:sleep_in_bed":2,"minecraft:time_since_rest":18933,"minecraft:sprint_one_cm":135362,"minecraft:damage_taken":2116,"minecraft:walk_one_cm":126493,"minecraft:drop":1,"minecraft:damage_dealt":4939,"minecraft:swim_one_cm":22006,"minecraft:talked_to_villager":2,"minecraft:fly_one_cm":167500,"minecraft:open_chest":4,"minecraft:crouch_one_cm":7719,"minecraft:play_time":108273,"tombstone:undead_killed":4,"minecraft:sneak_time":4045,"minecraft:walk_under_water_one_cm":7955,"minecraft:boat_one_cm":212291,"minecraft:jump":2205,"minecraft:walk_on_water_one_cm":11576,"minecraft:total_world_time":108273,"minecraft:fall_one_cm":29010,"minecraft:horse_one_cm":227},"minecraft:picked_up":{"minecraft:wheat":10,"minecraft:crafting_table":5,"minecraft:feather":1,"minecraft:chicken":1,"minecraft:leather":2,"minecraft:brown_wool":1,"minecraft:potato":8,"minecraft:oak_log":22,"minecraft:dirt":11,"minecraft:acacia_planks":1,"minecraft:apple":1,"minecraft:wheat_seeds":27,"minecraft:beef":11,"minecraft:oak_boat":5,"minecraft:rose_bush":1,"minecraft:light_gray_wool":1,"minecraft:sugar_cane":9,"minecraft:oak_planks":3,"minecraft:furnace":2,"minecraft:stick":2,"minecraft:acacia_log":6,"minecraft:porkchop":15,"tombstone:grave_dust":2,"minecraft:carrot":21,"minecraft:spider_eye":1,"minecraft:rotten_flesh":5,"minecraft:oak_sapling":3,"minecraft:mutton":7,"minecraft:white_wool":3,"minecraft:cobblestone":16}},"DataVersion":3120}