{"stats":{"minecraft:picked_up":{"minecraft:crafting_table":3,"minecraft:stick":2,"minecraft:porkchop":7,"minecraft:oak_log":22,"tombstone:grave_dust":2,"minecraft:spider_eye":1,"minecraft:dirt":5,"minecraft:apple":1,"minecraft:oak_boat":1,"minecraft:rose_bush":1,"minecraft:oak_sapling":3,"minecraft:cobblestone":12},"minecraft:custom":{"minecraft:time_since_rest":35565,"minecraft:interact_with_furnace":2,"minecraft:sprint_one_cm":60447,"minecraft:damage_taken":340,"minecraft:walk_one_cm":43611,"minecraft:mob_kills":6,"minecraft:drop":1,"minecraft:damage_dealt":871,"minecraft:swim_one_cm":16427,"minecraft:interact_with_crafting_table":4,"minecraft:fly_one_cm":51815,"minecraft:crouch_one_cm":1328,"minecraft:play_time":35565,"tombstone:undead_killed":1,"minecraft:sneak_time":379,"minecraft:walk_under_water_one_cm":6149,"minecraft:boat_one_cm":122156,"minecraft:jump":463,"minecraft:leave_game":3,"minecraft:time_since_death":35565,"minecraft:walk_on_water_one_cm":8046,"minecraft:total_world_time":35565,"minecraft:fall_one_cm":11099},"minecraft:dropped":{"minecraft:stick":5},"minecraft:mined":{"minecraft:birch_leaves":1,"minecraft:crafting_table":3,"minecraft:grass":1,"minecraft:grass_block":3,"minecraft:oak_log":23,"minecraft:rose_bush":1,"minecraft:dirt":3,"minecraft:stone":12,"minecraft:oak_leaves":7},"minecraft:killed":{"minecraft:skeleton":1,"minecraft:pig":3,"alexsmobs:terrapin":1,"minecraft:spider":1},"minecraft:used":{"minecraft:wooden_axe":18,"minecraft:stone_sword":5,"minecraft:apple":1,"minecraft:stone_pickaxe":8,"minecraft:oak_planks":49,"minecraft:wooden_pickaxe":4,"minecraft:stone_axe":19,"minecraft:dirt":5,"minecraft:crafting_table":3,"minecraft:oak_sapling":2,"minecraft:porkchop":7,"alexsmobs:animal_dictionary":15,"minecraft:spider_eye":1,"minecraft:oak_boat":1},"minecraft:crafted":{"minecraft:wooden_sword":1,"minecraft:oak_boat":1,"minecraft:oak_planks":88,"minecraft:crafting_table":1,"minecraft:stick":16,"minecraft:wooden_pickaxe":1,"minecraft:stone_pickaxe":1,"minecraft:wooden_axe":1,"minecraft:stone_sword":1,"minecraft:stone_axe":1}},"DataVersion":3120}