{"stats":{"minecraft:dropped":{"minecraft:stick":5,"minecraft:cornflower":1},"minecraft:mined":{"minecraft:crafting_table":5,"minecraft:cornflower":1,"minecraft:acacia_log":6,"minecraft:grass_block":11,"minecraft:rose_bush":1,"minecraft:tall_grass":1,"minecraft:sugar_cane":5,"minecraft:hay_block":6,"minecraft:furnace":1,"minecraft:carrots":7,"minecraft:fire":3,"minecraft:wheat":14,"minecraft:birch_leaves":1,"minecraft:grass":14,"minecraft:potatoes":2,"minecraft:oak_log":23,"minecraft:dirt":4,"minecraft:acacia_planks":2,"minecraft:stone":16,"minecraft:white_wool":2,"minecraft:oak_leaves":7},"minecraft:crafted":{"minecraft:cooked_beef":8,"minecraft:wooden_sword":1,"minecraft:oak_planks":88,"minecraft:cooked_porkchop":8,"minecraft:crafting_table":1,"minecraft:wooden_pickaxe":1,"minecraft:furnace":1,"minecraft:stone_axe":1,"minecraft:bread":21,"minecraft:air":0,"minecraft:oak_boat":1,"minecraft:stick":16,"minecraft:stone_pickaxe":1,"minecraft:wooden_axe":1,"minecraft:stone_sword":1,"minecraft:acacia_planks":24,"tombstone:bone_needle":1,"minecraft:wheat":54},"minecraft:used":{"minecraft:wheat_seeds":20,"minecraft:stone_sword":96,"minecraft:stone_pickaxe":17,"minecraft:poppy":1,"minecraft:oak_planks":52,"minecraft:wooden_pickaxe":4,"minecraft:white_wool":3,"minecraft:dirt":11,"minecraft:crafting_table":6,"minecraft:spider_eye":1,"minecraft:wooden_axe":18,"minecraft:apple":5,"minecraft:brown_wool":1,"minecraft:stone_axe":83,"minecraft:beef":3,"minecraft:cooked_porkchop":2,"minecraft:furnace":1,"minecraft:oak_sapling":2,"minecraft:porkchop":7,"tombstone:gift":2,"alexsmobs:animal_dictionary":23,"minecraft:oak_boat":5,"minecraft:cooked_beef":6,"minecraft:acacia_planks":25},"minecraft:killed_by":{"endofherobrine:cow":1},"minecraft:killed":{"endofherobrine:pig":1,"minecraft:pig":6,"alexsmobs:raccoon":2,"minecraft:spider":1,"minecraft:iron_golem":1,"minecraft:horse":1,"minecraft:sheep":5,"minecraft:skeleton":3,"minecraft:zombie":6,"alexsmobs:elephant":2,"alexsmobs:terrapin":1,"minecraft:chicken":1,"endofherobrine:sheep":8,"endofherobrine:cow":1,"minecraft:cow":4},"minecraft:broken":{"minecraft:stone_axe":1},"minecraft:custom":{"minecraft:interact_with_furnace":6,"minecraft:mob_kills":43,"minecraft:interact_with_crafting_table":14,"minecraft:leave_game":4,"minecraft:time_since_death":10103,"minecraft:sleep_in_bed":3,"minecraft:time_since_rest":6513,"minecraft:sprint_one_cm":155488,"minecraft:damage_taken":3226,"minecraft:walk_one_cm":140162,"minecraft:drop":2,"minecraft:damage_dealt":8221,"minecraft:swim_one_cm":22006,"minecraft:talked_to_villager":9,"minecraft:fly_one_cm":198131,"minecraft:open_chest":4,"minecraft:crouch_one_cm":8810,"minecraft:play_time":120273,"tombstone:undead_killed":9,"minecraft:deaths":1,"minecraft:sneak_time":4726,"minecraft:walk_under_water_one_cm":7955,"minecraft:boat_one_cm":212291,"minecraft:jump":2473,"minecraft:walk_on_water_one_cm":11838,"minecraft:total_world_time":120273,"minecraft:fall_one_cm":35053,"minecraft:horse_one_cm":227},"minecraft:picked_up":{"minecraft:wheat":10,"minecraft:crafting_table":5,"minecraft:feather":1,"minecraft:chicken":1,"minecraft:leather":3,"minecraft:brown_wool":1,"minecraft:potato":8,"minecraft:oak_log":22,"minecraft:cornflower":1,"minecraft:dirt":23,"minecraft:bone":4,"minecraft:acacia_planks":1,"minecraft:apple":1,"minecraft:wheat_seeds":30,"minecraft:iron_ingot":3,"minecraft:beef":11,"minecraft:oak_boat":5,"minecraft:rose_bush":1,"minecraft:poppy":1,"minecraft:light_gray_wool":1,"minecraft:sugar_cane":9,"minecraft:oak_planks":3,"minecraft:furnace":2,"minecraft:stick":2,"minecraft:acacia_log":6,"minecraft:porkchop":15,"tombstone:grave_dust":3,"minecraft:carrot":21,"minecraft:spider_eye":1,"minecraft:arrow":2,"minecraft:rotten_flesh":5,"minecraft:hay_block":6,"minecraft:oak_sapling":3,"minecraft:mutton":9,"minecraft:white_wool":4,"minecraft:cobblestone":16}},"DataVersion":3120}