{"stats":{"minecraft:picked_up":{"minecraft:crafting_table":1,"minecraft:stick":2,"minecraft:oak_log":6,"minecraft:oak_sapling":2},"minecraft:custom":{"minecraft:time_since_rest":4895,"minecraft:crouch_one_cm":8,"minecraft:play_time":4895,"minecraft:sprint_one_cm":7864,"minecraft:damage_taken":60,"minecraft:walk_one_cm":7436,"minecraft:sneak_time":33,"minecraft:walk_under_water_one_cm":334,"minecraft:drop":1,"minecraft:jump":69,"minecraft:damage_dealt":30,"minecraft:time_since_death":4895,"minecraft:walk_on_water_one_cm":2647,"minecraft:total_world_time":4895,"minecraft:swim_one_cm":1646,"minecraft:interact_with_crafting_table":1,"minecraft:fall_one_cm":2339,"minecraft:fly_one_cm":9341},"minecraft:dropped":{"minecraft:stick":5},"minecraft:mined":{"minecraft:oak_log":6,"minecraft:oak_leaves":1,"minecraft:crafting_table":1},"minecraft:used":{"minecraft:wooden_axe":1,"minecraft:crafting_table":1,"minecraft:oak_sapling":2,"alexsmobs:animal_dictionary":2},"minecraft:crafted":{"minecraft:wooden_sword":1,"minecraft:oak_planks":24,"minecraft:crafting_table":1,"minecraft:stick":8,"minecraft:wooden_pickaxe":1,"minecraft:wooden_axe":1}},"DataVersion":3120}