{"stats":{"minecraft:picked_up":{"minecraft:crafting_table":5,"minecraft:stick":2,"minecraft:leather":2,"minecraft:acacia_log":6,"minecraft:porkchop":15,"minecraft:oak_log":22,"tombstone:grave_dust":2,"minecraft:spider_eye":1,"minecraft:dirt":10,"minecraft:acacia_planks":1,"minecraft:apple":1,"minecraft:beef":11,"minecraft:oak_boat":2,"minecraft:rose_bush":1,"minecraft:oak_sapling":3,"minecraft:sugar_cane":9,"minecraft:oak_planks":3,"minecraft:cobblestone":16,"minecraft:furnace":1},"minecraft:custom":{"minecraft:time_since_rest":47565,"minecraft:interact_with_furnace":6,"minecraft:sprint_one_cm":79880,"minecraft:damage_taken":964,"minecraft:walk_one_cm":69283,"minecraft:mob_kills":14,"minecraft:drop":1,"minecraft:damage_dealt":2433,"minecraft:swim_one_cm":18216,"minecraft:interact_with_crafting_table":6,"minecraft:fly_one_cm":83755,"minecraft:crouch_one_cm":1574,"minecraft:play_time":47565,"tombstone:undead_killed":1,"minecraft:sneak_time":913,"minecraft:walk_under_water_one_cm":6451,"minecraft:boat_one_cm":137717,"minecraft:jump":1542,"minecraft:leave_game":3,"minecraft:time_since_death":47565,"minecraft:walk_on_water_one_cm":8350,"minecraft:total_world_time":47565,"minecraft:fall_one_cm":16275},"minecraft:dropped":{"minecraft:stick":5},"minecraft:mined":{"minecraft:furnace":1,"minecraft:birch_leaves":1,"minecraft:crafting_table":5,"minecraft:grass":6,"minecraft:acacia_log":6,"minecraft:grass_block":11,"minecraft:oak_log":23,"minecraft:rose_bush":1,"minecraft:dirt":3,"minecraft:acacia_planks":1,"minecraft:stone":16,"minecraft:sugar_cane":5,"minecraft:oak_leaves":7},"minecraft:killed":{"minecraft:skeleton":1,"endofherobrine:pig":1,"minecraft:pig":6,"alexsmobs:terrapin":1,"minecraft:spider":1,"minecraft:cow":4},"minecraft:used":{"minecraft:wooden_axe":18,"minecraft:stone_sword":8,"minecraft:apple":1,"minecraft:stone_pickaxe":17,"minecraft:oak_planks":49,"minecraft:wooden_pickaxe":4,"minecraft:stone_axe":52,"minecraft:dirt":5,"minecraft:beef":3,"minecraft:crafting_table":5,"minecraft:furnace":1,"minecraft:oak_sapling":2,"minecraft:porkchop":7,"alexsmobs:animal_dictionary":15,"minecraft:spider_eye":1,"minecraft:oak_boat":2,"minecraft:cooked_beef":2,"minecraft:acacia_planks":24},"minecraft:crafted":{"minecraft:cooked_beef":8,"minecraft:wooden_sword":1,"minecraft:oak_boat":1,"minecraft:oak_planks":88,"minecraft:cooked_porkchop":8,"minecraft:crafting_table":1,"minecraft:stick":16,"minecraft:wooden_pickaxe":1,"minecraft:stone_pickaxe":1,"minecraft:wooden_axe":1,"minecraft:stone_sword":1,"minecraft:furnace":1,"minecraft:acacia_planks":24,"minecraft:stone_axe":1,"minecraft:air":0}},"DataVersion":3120}