{"stats":{"minecraft:picked_up":{"minecraft:birch_log":5,"minecraft:crafting_table":3,"minecraft:leather":6,"minecraft:brown_wool":1,"minecraft:smoker":1,"minecraft:oak_log":10,"tombstone:grave_dust":2,"minecraft:dirt":3,"minecraft:rotten_flesh":5,"minecraft:beef":11,"minecraft:gray_wool":2,"tombstone:magic_scroll":1,"minecraft:oak_sapling":2,"minecraft:sugar_cane":9,"minecraft:mutton":15,"minecraft:coal":22,"minecraft:white_wool":8,"minecraft:cobblestone":338,"minecraft:furnace":1},"minecraft:custom":{"minecraft:time_since_rest":29746,"minecraft:interact_with_furnace":6,"minecraft:sprint_one_cm":42083,"minecraft:damage_taken":120,"minecraft:walk_one_cm":37727,"minecraft:mob_kills":21,"minecraft:damage_dealt":2169,"minecraft:swim_one_cm":4238,"minecraft:interact_with_crafting_table":5,"minecraft:fly_one_cm":100847,"minecraft:crouch_one_cm":4108,"minecraft:play_time":29746,"tombstone:undead_killed":4,"minecraft:sneak_time":1858,"minecraft:walk_under_water_one_cm":448,"minecraft:jump":432,"minecraft:time_since_death":29746,"minecraft:walk_on_water_one_cm":544,"minecraft:interact_with_smoker":8,"minecraft:total_world_time":29746,"minecraft:fall_one_cm":11825},"minecraft:mined":{"minecraft:gray_wool":1,"minecraft:furnace":1,"minecraft:birch_log":5,"minecraft:smoker":1,"minecraft:crafting_table":3,"minecraft:coal_ore":10,"minecraft:oak_log":10,"minecraft:dirt":3,"minecraft:stone":33,"minecraft:sugar_cane":4,"minecraft:oak_leaves":16},"minecraft:killed":{"minecraft:sheep":10,"minecraft:zombie":3,"minecraft:zombie_villager":1,"minecraft:cow":7},"minecraft:used":{"minecraft:cooked_mutton":3,"minecraft:stone_sword":11,"minecraft:stone_pickaxe":38,"minecraft:wooden_pickaxe":8,"minecraft:stone":1,"justhammers:stone_hammer":70,"minecraft:rotten_flesh":3,"minecraft:stone_axe":33,"minecraft:torch":4,"minecraft:dirt":1,"minecraft:cobblestone":1,"minecraft:crafting_table":3,"minecraft:furnace":1,"alexsmobs:animal_dictionary":2,"minecraft:gray_wool":1,"minecraft:smoker":1},"minecraft:crafted":{"minecraft:oak_planks":40,"justhammers:stone_hammer":1,"minecraft:crafting_table":1,"minecraft:stick":12,"minecraft:wooden_pickaxe":1,"minecraft:stone_pickaxe":1,"minecraft:stone_sword":1,"minecraft:furnace":2,"minecraft:stone":3,"minecraft:torch":8,"minecraft:stone_axe":1,"minecraft:air":0,"minecraft:cooked_mutton":15,"minecraft:smoker":1}},"DataVersion":3120}