{"stats":{"minecraft:picked_up":{"minecraft:crafting_table":5,"minecraft:packed_ice":61,"minecraft:flower_pot":1,"minecraft:splash_potion":1,"minecraft:ladder":3,"minecraft:smithing_table":1,"minecraft:brown_mushroom":2,"minecraft:brewing_stand":1,"minecraft:red_bed":2,"minecraft:string":10,"minecraft:raw_copper":8,"minecraft:white_carpet":1,"minecraft:beetroot_soup":1,"minecraft:gold_nugget":1,"minecraft:spruce_planks":87,"minecraft:beef":18,"minecraft:cobblestone_slab":10,"minecraft:poppy":2,"minecraft:spruce_slab":38,"minecraft:sugar_cane":9,"minecraft:chest":6,"minecraft:spruce_trapdoor":5,"minecraft:furnace":7,"minecraft:stick":5,"minecraft:stone":25,"minecraft:torch":20,"minecraft:spruce_stairs":8,"minecraft:spruce_fence":8,"minecraft:snow_block":3,"tombstone:grave_dust":6,"minecraft:carrot":27,"minecraft:cactus":1,"minecraft:arrow":6,"minecraft:rotten_flesh":23,"minecraft:beetroot_seeds":30,"minecraft:saddle":3,"minecraft:totem_of_undying":1,"minecraft:mutton":15,"minecraft:cod":2,"alexsmobs:lobster_tail":1,"minecraft:cobblestone":1329,"minecraft:snowball":30,"minecraft:white_wool":8,"minecraft:birch_log":5,"minecraft:lilac":1,"minecraft:salmon":3,"minecraft:andesite":7,"minecraft:brown_wool":1,"minecraft:leather":7,"minecraft:smoker":2,"minecraft:potato":11,"minecraft:flint":15,"minecraft:stripped_spruce_wood":59,"minecraft:oak_log":10,"minecraft:cobblestone_wall":5,"minecraft:gunpowder":8,"minecraft:blue_bed":7,"minecraft:dirt":622,"minecraft:lantern":22,"minecraft:white_banner":8,"minecraft:red_carpet":2,"minecraft:bone":3,"minecraft:stone_bricks":5,"minecraft:wheat_seeds":4,"alexsmobs:cockroach_wing_fragment":1,"minecraft:iron_ingot":9,"minecraft:glowstone_dust":2,"minecraft:gravel":85,"justhammers:stone_hammer":1,"minecraft:blast_furnace":1,"minecraft:stripped_spruce_log":48,"minecraft:spruce_sapling":9,"minecraft:white_bed":4,"minecraft:spruce_log":13,"minecraft:barrel":6,"minecraft:spider_eye":5,"minecraft:spruce_door":3,"minecraft:coal_ore":2,"minecraft:stone_axe":1,"minecraft:crossbow":5,"minecraft:blue_ice":1,"minecraft:spruce_sign":2,"minecraft:golden_apple":1,"minecraft:gray_wool":3,"minecraft:emerald":8,"minecraft:bread":9,"tombstone:magic_scroll":1,"minecraft:oak_sapling":2,"minecraft:coal":117},"minecraft:dropped":{"minecraft:cobblestone":12,"minecraft:cod":1,"minecraft:rotten_flesh":3,"minecraft:salmon":2,"minecraft:poppy":1,"justhammers:stone_hammer":1,"minecraft:andesite":2},"minecraft:broken":{"minecraft:iron_shovel":1,"minecraft:stone_hoe":1,"minecraft:stone_pickaxe":2,"justhammers:stone_hammer":1,"minecraft:stone_axe":2,"minecraft:stone_shovel":2},"minecraft:killed":{"minecraft:vex":3,"minecraft:evoker":1,"alexsmobs:lobster":1,"minecraft:witch":5,"minecraft:vindicator":10,"minecraft:spider":7,"alexsmobs:seagull":1,"minecraft:skeleton":3,"minecraft:zombie_villager":2,"endofherobrine:villager":2,"alexsmobs:seal":1,"minecraft:iron_golem":2,"minecraft:ravager":3,"minecraft:creeper":7,"minecraft:sheep":10,"minecraft:pillager":32,"alexsmobs:cockroach":1,"minecraft:zombie":13,"minecraft:cow":9},"minecraft:crafted":{"minecraft:cobblestone_slab":60,"minecraft:oak_planks":40,"minecraft:stone_shovel":3,"minecraft:barrel":8,"minecraft:furnace":2,"minecraft:stone":6,"minecraft:bone_meal":9,"minecraft:cooked_mutton":15,"minecraft:iron_axe":1,"minecraft:spruce_slab":12,"minecraft:stone_pickaxe":3,"minecraft:chest":1,"minecraft:stone_hoe":2,"minecraft:smoker":1,"minecraft:cooked_beef":18,"sophisticatedbackpacks:backpack":1,"minecraft:spruce_sign":3,"minecraft:crafting_table":2,"minecraft:spruce_planks":340,"minecraft:wooden_pickaxe":1,"minecraft:iron_sword":1,"minecraft:fletching_table":1,"minecraft:bucket":1,"minecraft:birch_planks":4,"minecraft:stone_axe":2,"minecraft:air":0,"minecraft:spruce_trapdoor":12,"justhammers:stone_hammer":4,"minecraft:stick":696,"minecraft:stone_sword":1,"minecraft:iron_shovel":1,"minecraft:white_bed":1,"minecraft:torch":40},"minecraft:custom":{"minecraft:mob_kills":113,"minecraft:interact_with_crafting_table":38,"minecraft:open_barrel":1,"minecraft:bell_ring":36,"minecraft:leave_game":3,"minecraft:time_since_death":198469,"minecraft:climb_one_cm":3839,"minecraft:sprint_one_cm":347453,"minecraft:walk_one_cm":508664,"minecraft:drop":10,"minecraft:talked_to_villager":11,"minecraft:raid_win":2,"minecraft:play_time":198469,"minecraft:sneak_time":22622,"minecraft:walk_under_water_one_cm":10533,"minecraft:jump":2901,"minecraft:interact_with_blast_furnace":2,"minecraft:walk_on_water_one_cm":21292,"minecraft:total_world_time":198469,"minecraft:interact_with_furnace":14,"tombstone:raider_killed":51,"minecraft:raid_trigger":2,"minecraft:pot_flower":1,"minecraft:sleep_in_bed":5,"minecraft:time_since_rest":76,"minecraft:damage_taken":1776,"minecraft:damage_dealt":25611,"minecraft:swim_one_cm":28295,"minecraft:fly_one_cm":693373,"minecraft:open_chest":71,"minecraft:crouch_one_cm":100894,"tombstone:undead_killed":18,"tombstone:villager_killed":2,"minecraft:interact_with_smoker":12,"minecraft:fall_one_cm":65857},"minecraft:used":{"minecraft:stone_sword":91,"minecraft:iron_shovel":250,"minecraft:stone_shovel":475,"minecraft:poppy":1,"minecraft:ladder":3,"minecraft:chest":6,"minecraft:iron_sword":2,"minecraft:stone":2,"minecraft:stone_hoe":167,"minecraft:rotten_flesh":3,"minecraft:torch":28,"minecraft:dirt":373,"minecraft:carrot":27,"minecraft:packed_ice":22,"minecraft:lantern":7,"minecraft:iron_axe":1,"minecraft:stone_bricks":3,"minecraft:barrel":8,"minecraft:furnace":2,"tombstone:gift":2,"minecraft:cooked_beef":6,"minecraft:cooked_mutton":14,"minecraft:water_bucket":23,"minecraft:spruce_door":1,"minecraft:stone_pickaxe":572,"minecraft:wooden_pickaxe":8,"minecraft:spruce_sign":3,"minecraft:cobblestone_slab":37,"minecraft:red_bed":1,"minecraft:crafting_table":7,"minecraft:blast_furnace":1,"minecraft:white_bed":1,"minecraft:smoker":2,"minecraft:flower_pot":1,"minecraft:brown_wool":1,"minecraft:netherite_axe":18,"minecraft:spruce_trapdoor":15,"minecraft:gravel":2,"minecraft:spruce_sapling":4,"justhammers:stone_hammer":252,"minecraft:lilac":1,"minecraft:stone_axe":342,"minecraft:cobblestone":951,"minecraft:bucket":23,"alexsmobs:animal_dictionary":2,"minecraft:gray_wool":2,"minecraft:bone_meal":7,"minecraft:pillager_spawn_egg":1},"minecraft:mined":{"minecraft:farmland":79,"minecraft:spruce_planks":87,"minecraft:white_bed":4,"minecraft:potted_cactus":1,"minecraft:brewing_stand":1,"minecraft:ladder":3,"minecraft:spruce_trapdoor":5,"minecraft:grass_block":103,"minecraft:spruce_fence":8,"minecraft:spruce_leaves":15,"minecraft:furnace":7,"minecraft:carrots":8,"minecraft:barrel":6,"minecraft:snow":28,"minecraft:andesite":3,"minecraft:stripped_spruce_log":48,"minecraft:cobblestone_slab":10,"minecraft:dirt_path":196,"minecraft:lantern":11,"minecraft:packed_ice":68,"minecraft:stone":172,"minecraft:spruce_slab":38,"minecraft:smithing_table":1,"minecraft:glass_pane":4,"minecraft:red_bed":2,"minecraft:smoker":2,"minecraft:spruce_door":2,"minecraft:crafting_table":5,"minecraft:torch":1,"minecraft:blast_furnace":1,"minecraft:chest":6,"minecraft:spruce_wall_sign":2,"minecraft:cobblestone":257,"minecraft:sugar_cane":4,"minecraft:wall_torch":2,"minecraft:blue_bed":7,"minecraft:spruce_stairs":8,"minecraft:gray_wool":2,"minecraft:stripped_spruce_wood":59,"minecraft:cobblestone_wall":5,"minecraft:blue_ice":1,"minecraft:birch_log":5,"minecraft:white_carpet":1,"minecraft:ice":2,"minecraft:lilac":1,"minecraft:spruce_log":13,"minecraft:birch_leaves":2,"minecraft:grass":2,"minecraft:oak_log":10,"minecraft:coal_ore":19,"minecraft:gravel":100,"minecraft:dirt":244,"minecraft:stone_bricks":5,"minecraft:oak_leaves":16}},"DataVersion":3120}