{"stats":{"minecraft:custom":{"minecraft:jump":35,"minecraft:open_chest":5,"minecraft:time_since_rest":15247,"minecraft:damage_dealt":200,"minecraft:crouch_one_cm":194,"minecraft:sprint_one_cm":1967,"minecraft:leave_game":1,"minecraft:play_time":15247,"minecraft:time_since_death":15247,"minecraft:walk_one_cm":11294,"minecraft:sneak_time":250,"minecraft:total_world_time":15247,"minecraft:mob_kills":1,"minecraft:drop":4,"minecraft:fly_one_cm":68328},"minecraft:dropped":{"minecraft:leather_leggings":1,"minecraft:leather_chestplate":1,"minecraft:leather_helmet":1,"minecraft:leather_boots":1},"minecraft:used":{"minecraft:netherite_sword":2,"minecraft:chest":1,"minecraft:grass_block":1},"minecraft:killed":{"minecraft:zombie":1}},"DataVersion":3120}