{"stats":{"minecraft:broken":{"minecraft:iron_shovel":1,"minecraft:stone_hoe":1,"minecraft:stone_pickaxe":3,"justhammers:stone_hammer":1,"minecraft:stone_axe":3,"minecraft:stone_shovel":2},"minecraft:killed":{"alexsmobs:lobster":1,"minecraft:vex":3,"minecraft:evoker":1,"minecraft:witch":5,"minecraft:spider":8,"minecraft:vindicator":10,"alexsmobs:seagull":3,"minecraft:skeleton":3,"minecraft:zombie_villager":2,"endofherobrine:villager":2,"alexsmobs:seal":1,"minecraft:iron_golem":2,"minecraft:ravager":3,"minecraft:creeper":7,"minecraft:sheep":10,"minecraft:pillager":32,"minecraft:zombie":13,"alexsmobs:cockroach":1,"minecraft:cow":9},"minecraft:crafted":{"minecraft:oak_planks":40,"minecraft:cobblestone_slab":60,"minecraft:stone_shovel":3,"minecraft:barrel":8,"minecraft:furnace":2,"minecraft:stone":6,"minecraft:bone_meal":9,"minecraft:cooked_mutton":15,"sophisticatedbackpacks:copper_backpack":1,"minecraft:iron_axe":1,"minecraft:ladder":3,"minecraft:spruce_slab":12,"minecraft:stone_pickaxe":4,"minecraft:chest":1,"minecraft:stone_hoe":2,"minecraft:smoker":1,"minecraft:cooked_beef":18,"sophisticatedbackpacks:backpack":1,"minecraft:spruce_sign":3,"minecraft:crafting_table":2,"minecraft:spruce_planks":364,"minecraft:wooden_pickaxe":1,"minecraft:iron_sword":1,"minecraft:copper_ingot":37,"minecraft:fletching_table":1,"minecraft:bucket":1,"minecraft:birch_planks":4,"minecraft:stone_axe":3,"minecraft:air":0,"minecraft:spruce_trapdoor":12,"justhammers:stone_hammer":4,"minecraft:stick":744,"minecraft:stone_sword":1,"minecraft:iron_shovel":1,"minecraft:white_bed":1,"minecraft:torch":40},"minecraft:mined":{"minecraft:white_bed":4,"minecraft:spruce_planks":87,"minecraft:farmland":79,"minecraft:potted_cactus":1,"minecraft:brewing_stand":1,"minecraft:spruce_trapdoor":14,"minecraft:ladder":8,"minecraft:grass_block":104,"minecraft:spruce_fence":8,"minecraft:spruce_leaves":16,"minecraft:furnace":7,"minecraft:carrots":110,"minecraft:barrel":6,"minecraft:snow":28,"minecraft:andesite":3,"minecraft:stripped_spruce_log":57,"minecraft:dirt_path":196,"minecraft:cobblestone_slab":37,"minecraft:lantern":11,"minecraft:packed_ice":171,"minecraft:stone":207,"minecraft:spruce_slab":38,"minecraft:smithing_table":1,"minecraft:glass_pane":4,"minecraft:red_bed":2,"minecraft:snow_block":1,"minecraft:smoker":2,"minecraft:spruce_door":2,"minecraft:crafting_table":5,"minecraft:torch":3,"minecraft:blast_furnace":1,"minecraft:chest":6,"minecraft:spruce_wall_sign":3,"minecraft:cobblestone":303,"minecraft:sugar_cane":4,"minecraft:blue_bed":7,"minecraft:wall_torch":8,"minecraft:spruce_stairs":8,"minecraft:gray_wool":2,"minecraft:stripped_spruce_wood":59,"minecraft:cobblestone_wall":5,"minecraft:birch_log":5,"minecraft:spruce_log":94,"minecraft:birch_leaves":2,"minecraft:ice":2,"minecraft:blue_ice":1,"minecraft:lilac":1,"minecraft:white_carpet":1,"minecraft:grass":3,"minecraft:oak_log":10,"minecraft:coal_ore":34,"minecraft:gravel":180,"minecraft:dirt":259,"minecraft:stone_bricks":5,"minecraft:oak_leaves":16},"minecraft:picked_up":{"minecraft:crafting_table":5,"minecraft:splash_potion":1,"minecraft:smithing_table":1,"minecraft:ladder":8,"minecraft:flower_pot":1,"minecraft:brown_mushroom":2,"minecraft:packed_ice":163,"minecraft:brewing_stand":1,"minecraft:string":12,"minecraft:red_bed":2,"minecraft:raw_copper":37,"minecraft:beetroot_soup":1,"minecraft:white_carpet":1,"minecraft:gold_nugget":1,"minecraft:spruce_planks":87,"minecraft:beef":18,"minecraft:cobblestone_slab":37,"minecraft:poppy":2,"minecraft:spruce_slab":38,"minecraft:sugar_cane":9,"minecraft:chest":6,"minecraft:spruce_trapdoor":14,"minecraft:furnace":7,"minecraft:stick":7,"minecraft:stone":60,"minecraft:torch":28,"minecraft:spruce_stairs":8,"minecraft:spruce_fence":8,"minecraft:snow_block":3,"tombstone:grave_dust":6,"minecraft:carrot":388,"minecraft:arrow":6,"minecraft:cactus":1,"minecraft:rotten_flesh":23,"minecraft:beetroot_seeds":30,"minecraft:saddle":3,"minecraft:totem_of_undying":1,"minecraft:mutton":15,"minecraft:snowball":34,"minecraft:cod":2,"alexsmobs:lobster_tail":1,"minecraft:white_wool":8,"minecraft:cobblestone":1817,"minecraft:birch_log":5,"minecraft:lilac":1,"minecraft:andesite":7,"minecraft:salmon":3,"minecraft:brown_wool":1,"minecraft:leather":7,"minecraft:smoker":2,"minecraft:potato":11,"alexsmobs:cachalot_whale_tooth":2,"minecraft:flint":22,"minecraft:stripped_spruce_wood":59,"minecraft:oak_log":10,"minecraft:cobblestone_wall":5,"minecraft:gunpowder":8,"minecraft:dirt":638,"minecraft:blue_bed":7,"minecraft:lantern":22,"minecraft:white_banner":8,"minecraft:red_carpet":2,"minecraft:bone":3,"minecraft:stone_bricks":5,"minecraft:wheat_seeds":8,"alexsmobs:cockroach_wing_fragment":1,"minecraft:iron_ingot":9,"minecraft:glowstone_dust":2,"minecraft:ink_sac":5,"minecraft:gravel":165,"minecraft:stripped_spruce_log":57,"justhammers:stone_hammer":1,"minecraft:spruce_sapling":10,"minecraft:blast_furnace":1,"minecraft:white_bed":4,"minecraft:spruce_log":94,"minecraft:spruce_door":3,"minecraft:spider_eye":5,"minecraft:barrel":6,"minecraft:coal_ore":17,"minecraft:stone_axe":1,"minecraft:blue_ice":1,"minecraft:crossbow":5,"minecraft:golden_apple":1,"minecraft:gray_wool":3,"minecraft:emerald":8,"minecraft:spruce_sign":3,"minecraft:bread":9,"tombstone:magic_scroll":1,"minecraft:oak_sapling":2,"minecraft:coal":136},"minecraft:dropped":{"minecraft:wheat_seeds":3,"minecraft:cobblestone":12,"minecraft:cod":1,"minecraft:rotten_flesh":3,"minecraft:carrot":196,"minecraft:salmon":2,"minecraft:poppy":1,"justhammers:stone_hammer":1,"minecraft:andesite":2},"minecraft:custom":{"minecraft:mob_kills":116,"minecraft:interact_with_crafting_table":42,"minecraft:open_barrel":5,"minecraft:bell_ring":36,"minecraft:leave_game":4,"minecraft:time_since_death":243745,"minecraft:climb_one_cm":6400,"minecraft:sprint_one_cm":386736,"minecraft:walk_one_cm":690381,"minecraft:drop":17,"minecraft:talked_to_villager":11,"minecraft:raid_win":2,"minecraft:play_time":243745,"minecraft:sneak_time":25252,"minecraft:walk_under_water_one_cm":10895,"minecraft:jump":3303,"minecraft:interact_with_blast_furnace":6,"minecraft:walk_on_water_one_cm":25130,"minecraft:total_world_time":243745,"minecraft:interact_with_furnace":15,"tombstone:raider_killed":51,"minecraft:raid_trigger":2,"minecraft:pot_flower":1,"minecraft:sleep_in_bed":8,"minecraft:time_since_rest":1430,"minecraft:damage_taken":1806,"minecraft:damage_dealt":25931,"minecraft:swim_one_cm":33370,"minecraft:fly_one_cm":751105,"minecraft:open_chest":103,"minecraft:crouch_one_cm":108151,"tombstone:undead_killed":18,"tombstone:villager_killed":2,"minecraft:interact_with_smoker":13,"minecraft:fall_one_cm":72903},"minecraft:used":{"minecraft:iron_shovel":250,"minecraft:stone_sword":91,"minecraft:stone_shovel":564,"minecraft:ladder":11,"minecraft:poppy":1,"minecraft:chest":6,"minecraft:iron_sword":4,"minecraft:stone":42,"minecraft:stone_hoe":175,"minecraft:rotten_flesh":3,"minecraft:torch":47,"minecraft:dirt":373,"minecraft:carrot":192,"minecraft:packed_ice":30,"minecraft:lantern":7,"minecraft:iron_axe":102,"minecraft:barrel":10,"minecraft:stone_bricks":3,"minecraft:furnace":2,"tombstone:gift":4,"tombstone:smoke_ball":3,"minecraft:cooked_beef":8,"minecraft:cooked_mutton":14,"minecraft:water_bucket":25,"minecraft:spruce_door":1,"minecraft:stone_pickaxe":799,"minecraft:wooden_pickaxe":8,"minecraft:spruce_sign":4,"minecraft:cobblestone_slab":37,"minecraft:red_bed":1,"minecraft:crafting_table":7,"minecraft:blast_furnace":1,"minecraft:white_bed":5,"minecraft:spruce_log":11,"minecraft:smoker":2,"minecraft:flower_pot":1,"minecraft:netherite_axe":18,"minecraft:brown_wool":1,"minecraft:spruce_trapdoor":18,"minecraft:gravel":33,"minecraft:spruce_sapling":5,"justhammers:stone_hammer":370,"minecraft:lilac":1,"minecraft:stone_axe":357,"minecraft:cobblestone":1205,"minecraft:bucket":26,"alexsmobs:animal_dictionary":2,"minecraft:gray_wool":2,"minecraft:bone_meal":9,"minecraft:pillager_spawn_egg":1}},"DataVersion":3120}