{"stats":{"minecraft:used":{"vct:birch_crafting_table":1,"vct:crimson_crafting_table":1,"mysticalagriculture:soulium_dagger":1,"minecraft:chest":1,"minecraft:zombie_spawn_egg":3,"vct:jungle_crafting_table":1,"vct:dark_oak_crafting_table":1,"vct:spruce_crafting_table":1,"minecraft:light_gray_shulker_box":2,"minecraft:torch":2,"ecologics:coconut_crab_spawn_egg":1,"vct:acacia_crafting_table":1,"mysticalagriculture:hostile_soulium_dagger":1,"minecraft:anvil":1,"mysticalagriculture:creative_soulium_dagger":11,"mysticalagriculture:passive_soulium_dagger":1,"minecraft:shulker_box":3,"vct:warped_crafting_table":1,"vct:mangrove_crafting_table":1},"minecraft:picked_up":{"minecraft:netherite_boots":64,"minecraft:light_gray_shulker_box":2,"ecologics:coconut_slice":2,"minecraft:leather":2,"minecraft:netherite_leggings":64,"minecraft:shulker_box":3,"minecraft:string":2,"minecraft:spawner":320,"minecraft:zombie_spawn_egg":768,"minecraft:arrow":3,"minecraft:bone":2,"minecraft:diamond_chestplate":64,"minecraft:netherite_helmet":64,"minecraft:diamond_leggings":64,"mysticalagriculture:inferium_essence":1,"minecraft:netherite_sword":128,"minecraft:diamond_boots":64,"minecraft:netherite_chestplate":64,"minecraft:diamond_helmet":64,"ecologics:crab_claw":1},"minecraft:custom":{"minecraft:time_since_rest":53708,"minecraft:sprint_one_cm":5157,"minecraft:damage_taken":20,"minecraft:walk_one_cm":31120,"minecraft:interact_with_anvil":1,"minecraft:mob_kills":6,"minecraft:drop":16,"minecraft:damage_dealt":2300,"minecraft:fly_one_cm":803636,"minecraft:player_kills":2,"minecraft:walk_under_water_one_cm":1062,"minecraft:open_chest":1,"minecraft:open_shulker_box":5,"minecraft:crouch_one_cm":1404,"minecraft:play_time":53708,"minecraft:sneak_time":731,"minecraft:jump":64,"minecraft:walk_on_water_one_cm":338,"minecraft:time_since_death":53708,"minecraft:total_world_time":53708,"minecraft:fall_one_cm":484},"minecraft:dropped":{"minecraft:bread":24,"minecraft:leather_chestplate":1,"mysticalagriculture:awakened_supremium_helmet":1,"minecraft:wooden_axe":1,"ecologics:coconut_slice":2,"mysticalagriculture:awakened_supremium_chestplate":1,"minecraft:leather_boots":1,"minecraft:leather_leggings":1,"minecraft:wooden_sword":1,"mysticalagriculture:awakened_supremium_leggings":1,"sophisticatedbackpacks:backpack":1,"ecologics:crab_claw":1,"minecraft:wooden_pickaxe":1,"mysticalagriculture:awakened_supremium_boots":1,"minecraft:leather_helmet":1},"minecraft:killed":{"minecraft:skeleton":3,"naturalist:elephant":1,"ecologics:coconut_crab":1,"minecraft:spider":1}},"DataVersion":3120}