{"stats":{"minecraft:picked_up":{"minecraft:birch_log":5,"minecraft:crafting_table":5,"minecraft:lilac":1,"minecraft:andesite":4,"minecraft:brown_mushroom":2,"minecraft:brown_wool":1,"minecraft:leather":7,"minecraft:smithing_table":1,"minecraft:smoker":2,"minecraft:potato":11,"minecraft:flint":9,"minecraft:oak_log":10,"minecraft:blue_bed":7,"minecraft:dirt":219,"minecraft:red_bed":2,"minecraft:lantern":15,"minecraft:white_banner":3,"minecraft:raw_copper":8,"minecraft:beetroot_soup":1,"minecraft:wheat_seeds":2,"alexsmobs:cockroach_wing_fragment":1,"minecraft:spruce_planks":1,"minecraft:iron_ingot":4,"minecraft:beef":18,"minecraft:sugar_cane":9,"minecraft:chest":5,"minecraft:furnace":7,"minecraft:spruce_fence":6,"minecraft:gravel":45,"minecraft:snow_block":3,"tombstone:grave_dust":3,"minecraft:spruce_sapling":4,"minecraft:blast_furnace":1,"minecraft:spruce_log":7,"minecraft:white_bed":4,"minecraft:carrot":4,"minecraft:spruce_door":1,"minecraft:rotten_flesh":10,"minecraft:beetroot_seeds":30,"minecraft:crossbow":3,"minecraft:blue_ice":1,"minecraft:saddle":1,"minecraft:emerald":2,"minecraft:gray_wool":3,"minecraft:bread":9,"tombstone:magic_scroll":1,"minecraft:oak_sapling":2,"minecraft:mutton":15,"minecraft:coal":72,"minecraft:snowball":29,"minecraft:white_wool":8,"minecraft:cobblestone":446},"minecraft:custom":{"minecraft:interact_with_furnace":13,"minecraft:mob_kills":44,"tombstone:raider_killed":14,"minecraft:interact_with_crafting_table":22,"minecraft:raid_trigger":1,"minecraft:bell_ring":14,"minecraft:leave_game":1,"minecraft:time_since_death":111842,"minecraft:sleep_in_bed":3,"minecraft:time_since_rest":51149,"minecraft:sprint_one_cm":174428,"minecraft:damage_taken":400,"minecraft:walk_one_cm":197550,"minecraft:drop":1,"minecraft:damage_dealt":8651,"minecraft:swim_one_cm":26942,"minecraft:talked_to_villager":1,"minecraft:fly_one_cm":417287,"minecraft:raid_win":1,"minecraft:open_chest":34,"minecraft:crouch_one_cm":34640,"minecraft:play_time":111842,"tombstone:undead_killed":8,"minecraft:sneak_time":9069,"minecraft:walk_under_water_one_cm":4518,"tombstone:villager_killed":1,"minecraft:jump":1618,"minecraft:interact_with_blast_furnace":1,"minecraft:walk_on_water_one_cm":2512,"minecraft:total_world_time":111842,"minecraft:interact_with_smoker":12,"minecraft:fall_one_cm":37180},"minecraft:dropped":{"minecraft:andesite":2},"minecraft:broken":{"minecraft:iron_shovel":1,"minecraft:stone_pickaxe":1},"minecraft:mined":{"minecraft:smithing_table":1,"minecraft:spruce_planks":1,"minecraft:white_bed":4,"minecraft:red_bed":2,"minecraft:smoker":2,"minecraft:spruce_door":1,"minecraft:crafting_table":5,"minecraft:blast_furnace":1,"minecraft:spruce_fence":6,"minecraft:grass_block":53,"minecraft:chest":5,"minecraft:cobblestone":21,"minecraft:spruce_leaves":12,"minecraft:sugar_cane":4,"minecraft:blue_bed":7,"minecraft:gray_wool":2,"minecraft:furnace":7,"minecraft:carrots":1,"minecraft:birch_log":5,"minecraft:snow":27,"minecraft:lilac":1,"minecraft:spruce_log":7,"minecraft:birch_leaves":2,"minecraft:grass":2,"minecraft:oak_log":10,"minecraft:coal_ore":13,"minecraft:dirt_path":151,"minecraft:lantern":11,"minecraft:gravel":55,"minecraft:dirt":15,"minecraft:packed_ice":1,"minecraft:stone":72,"minecraft:oak_leaves":16},"minecraft:killed":{"minecraft:zombie_villager":1,"endofherobrine:villager":1,"minecraft:vindicator":2,"minecraft:iron_golem":1,"minecraft:ravager":1,"minecraft:sheep":10,"minecraft:pillager":11,"minecraft:zombie":7,"alexsmobs:cockroach":1,"minecraft:cow":9},"minecraft:used":{"minecraft:cooked_mutton":10,"minecraft:water_bucket":3,"minecraft:iron_shovel":250,"minecraft:stone_sword":22,"minecraft:spruce_door":1,"minecraft:stone_shovel":41,"minecraft:stone_pickaxe":131,"minecraft:chest":5,"minecraft:wooden_pickaxe":8,"minecraft:stone":2,"minecraft:stone_hoe":80,"minecraft:rotten_flesh":3,"minecraft:torch":6,"minecraft:dirt":187,"minecraft:crafting_table":6,"minecraft:blast_furnace":1,"minecraft:white_bed":1,"minecraft:smoker":2,"minecraft:lantern":4,"minecraft:spruce_trapdoor":3,"minecraft:brown_wool":1,"minecraft:netherite_axe":18,"justhammers:stone_hammer":96,"minecraft:lilac":1,"minecraft:stone_axe":74,"minecraft:cobblestone":140,"minecraft:furnace":2,"minecraft:bucket":3,"alexsmobs:animal_dictionary":2,"minecraft:pillager_spawn_egg":1,"minecraft:gray_wool":2},"minecraft:crafted":{"minecraft:cooked_beef":18,"minecraft:stone_shovel":2,"minecraft:oak_planks":40,"sophisticatedbackpacks:backpack":1,"minecraft:spruce_planks":28,"minecraft:crafting_table":1,"minecraft:wooden_pickaxe":1,"minecraft:furnace":2,"minecraft:stone":6,"minecraft:fletching_table":1,"minecraft:bucket":1,"minecraft:birch_planks":4,"minecraft:stone_axe":1,"minecraft:cooked_mutton":15,"minecraft:air":0,"minecraft:spruce_trapdoor":4,"justhammers:stone_hammer":2,"minecraft:stick":32,"minecraft:stone_pickaxe":1,"minecraft:stone_sword":1,"minecraft:chest":1,"minecraft:iron_shovel":1,"minecraft:white_bed":1,"minecraft:torch":40,"minecraft:stone_hoe":1,"minecraft:smoker":1}},"DataVersion":3120}