{"stats":{"minecraft:picked_up":{"minecraft:birch_log":5,"minecraft:crafting_table":5,"minecraft:lilac":1,"minecraft:brown_wool":1,"minecraft:leather":7,"minecraft:smoker":1,"minecraft:oak_log":10,"minecraft:dirt":3,"alexsmobs:cockroach_wing_fragment":1,"minecraft:beef":18,"minecraft:sugar_cane":9,"minecraft:furnace":1,"minecraft:spruce_sapling":1,"tombstone:grave_dust":2,"minecraft:white_bed":1,"minecraft:rotten_flesh":7,"minecraft:gray_wool":3,"tombstone:magic_scroll":1,"minecraft:oak_sapling":2,"minecraft:mutton":15,"minecraft:coal":45,"minecraft:cobblestone":391,"minecraft:white_wool":8},"minecraft:custom":{"minecraft:interact_with_furnace":6,"minecraft:mob_kills":25,"minecraft:interact_with_crafting_table":8,"minecraft:time_since_death":53746,"minecraft:sleep_in_bed":1,"minecraft:time_since_rest":23147,"minecraft:sprint_one_cm":104072,"minecraft:damage_taken":210,"minecraft:walk_one_cm":65562,"minecraft:damage_dealt":2629,"minecraft:swim_one_cm":22869,"minecraft:fly_one_cm":254180,"minecraft:crouch_one_cm":6760,"minecraft:play_time":53746,"tombstone:undead_killed":5,"minecraft:sneak_time":3111,"minecraft:walk_under_water_one_cm":1451,"minecraft:jump":1033,"minecraft:walk_on_water_one_cm":2131,"minecraft:total_world_time":53746,"minecraft:interact_with_smoker":8,"minecraft:fall_one_cm":25805},"minecraft:mined":{"minecraft:white_bed":1,"minecraft:smoker":1,"minecraft:crafting_table":5,"minecraft:cobblestone":1,"minecraft:spruce_leaves":4,"minecraft:sugar_cane":4,"minecraft:gray_wool":2,"minecraft:furnace":1,"minecraft:birch_log":5,"minecraft:lilac":1,"minecraft:birch_leaves":2,"minecraft:oak_log":10,"minecraft:coal_ore":10,"minecraft:dirt":3,"minecraft:stone":49,"minecraft:oak_leaves":16},"minecraft:killed":{"minecraft:zombie_villager":1,"minecraft:sheep":10,"minecraft:zombie":4,"alexsmobs:cockroach":1,"minecraft:cow":9},"minecraft:used":{"minecraft:cooked_mutton":6,"minecraft:stone_sword":16,"minecraft:stone_pickaxe":55,"minecraft:wooden_pickaxe":8,"minecraft:stone":1,"minecraft:rotten_flesh":3,"minecraft:torch":6,"minecraft:dirt":1,"minecraft:crafting_table":5,"minecraft:white_bed":1,"minecraft:smoker":1,"minecraft:brown_wool":1,"justhammers:stone_hammer":84,"minecraft:lilac":1,"minecraft:stone_axe":37,"minecraft:cobblestone":24,"minecraft:furnace":1,"alexsmobs:animal_dictionary":2,"minecraft:gray_wool":2},"minecraft:crafted":{"minecraft:oak_planks":40,"sophisticatedbackpacks:backpack":1,"minecraft:crafting_table":1,"minecraft:wooden_pickaxe":1,"minecraft:furnace":2,"minecraft:stone":3,"minecraft:birch_planks":4,"minecraft:stone_axe":1,"minecraft:cooked_mutton":15,"minecraft:air":0,"justhammers:stone_hammer":1,"minecraft:stick":28,"minecraft:stone_pickaxe":1,"minecraft:stone_sword":1,"minecraft:white_bed":1,"minecraft:torch":40,"minecraft:smoker":1}},"DataVersion":3120}