{"stats":{"minecraft:custom":{"minecraft:jump":9,"minecraft:open_chest":2,"minecraft:time_since_rest":65893,"minecraft:damage_taken":40,"minecraft:crouch_one_cm":232,"minecraft:play_time":65893,"minecraft:walk_on_water_one_cm":404,"minecraft:time_since_death":65893,"minecraft:walk_one_cm":3769,"minecraft:sneak_time":738,"minecraft:total_world_time":65893,"minecraft:walk_under_water_one_cm":177,"minecraft:fall_one_cm":659,"minecraft:fly_one_cm":2064321},"minecraft:picked_up":{"minecraft:saddle":1,"minecraft:gold_ingot":2,"minecraft:apple":3,"minecraft:oak_sapling":7,"minecraft:iron_horse_armor":1,"minecraft:iron_helmet":2},"minecraft:used":{"minecraft:chest":2,"minecraft:armor_stand":1}},"DataVersion":3120}