{"stats":{"minecraft:custom":{"minecraft:jump":27,"minecraft:time_since_rest":17708,"minecraft:damage_dealt":7,"minecraft:crouch_one_cm":1192,"minecraft:sprint_one_cm":2136,"minecraft:play_time":17708,"minecraft:time_since_death":17708,"minecraft:walk_one_cm":11799,"minecraft:sneak_time":277,"minecraft:total_world_time":17708,"minecraft:drop":10,"minecraft:fly_one_cm":94791},"minecraft:dropped":{"minecraft:leather_leggings":1,"minecraft:wooden_sword":1,"minecraft:bread":24,"minecraft:leather_chestplate":1,"minecraft:wooden_axe":1,"minecraft:leather_helmet":1,"sophisticatedbackpacks:backpack":1,"minecraft:leather_boots":1,"minecraft:wooden_pickaxe":1}},"DataVersion":3120}