{"stats":{"minecraft:broken":{"minecraft:iron_shovel":1,"minecraft:stone_hoe":1,"minecraft:stone_pickaxe":2,"justhammers:stone_hammer":1,"minecraft:stone_axe":2,"minecraft:stone_shovel":2},"minecraft:killed":{"alexsmobs:lobster":1,"minecraft:vex":3,"minecraft:evoker":1,"minecraft:witch":5,"minecraft:spider":7,"minecraft:vindicator":10,"alexsmobs:seagull":1,"minecraft:skeleton":3,"minecraft:zombie_villager":2,"endofherobrine:villager":2,"alexsmobs:seal":1,"minecraft:iron_golem":2,"minecraft:ravager":3,"minecraft:creeper":7,"minecraft:sheep":10,"minecraft:pillager":32,"minecraft:zombie":13,"alexsmobs:cockroach":1,"minecraft:cow":9},"minecraft:crafted":{"minecraft:oak_planks":40,"minecraft:cobblestone_slab":60,"minecraft:stone_shovel":3,"minecraft:barrel":8,"minecraft:furnace":2,"minecraft:stone":6,"minecraft:bone_meal":9,"minecraft:cooked_mutton":15,"minecraft:iron_axe":1,"minecraft:spruce_slab":12,"minecraft:stone_pickaxe":3,"minecraft:chest":1,"minecraft:stone_hoe":2,"minecraft:smoker":1,"minecraft:cooked_beef":18,"sophisticatedbackpacks:backpack":1,"minecraft:spruce_sign":3,"minecraft:crafting_table":2,"minecraft:spruce_planks":340,"minecraft:wooden_pickaxe":1,"minecraft:iron_sword":1,"minecraft:fletching_table":1,"minecraft:bucket":1,"minecraft:birch_planks":4,"minecraft:stone_axe":2,"minecraft:air":0,"minecraft:spruce_trapdoor":12,"justhammers:stone_hammer":4,"minecraft:stick":696,"minecraft:stone_sword":1,"minecraft:iron_shovel":1,"minecraft:white_bed":1,"minecraft:torch":40},"minecraft:mined":{"minecraft:white_bed":4,"minecraft:spruce_planks":87,"minecraft:farmland":79,"minecraft:potted_cactus":1,"minecraft:brewing_stand":1,"minecraft:spruce_trapdoor":14,"minecraft:ladder":3,"minecraft:grass_block":103,"minecraft:spruce_fence":8,"minecraft:spruce_leaves":15,"minecraft:furnace":7,"minecraft:carrots":8,"minecraft:barrel":6,"minecraft:snow":28,"minecraft:andesite":3,"minecraft:stripped_spruce_log":48,"minecraft:dirt_path":196,"minecraft:cobblestone_slab":37,"minecraft:lantern":11,"minecraft:packed_ice":84,"minecraft:stone":184,"minecraft:spruce_slab":38,"minecraft:smithing_table":1,"minecraft:glass_pane":4,"minecraft:red_bed":2,"minecraft:smoker":2,"minecraft:spruce_door":2,"minecraft:crafting_table":5,"minecraft:torch":1,"minecraft:blast_furnace":1,"minecraft:chest":6,"minecraft:spruce_wall_sign":2,"minecraft:cobblestone":289,"minecraft:sugar_cane":4,"minecraft:blue_bed":7,"minecraft:wall_torch":3,"minecraft:spruce_stairs":8,"minecraft:gray_wool":2,"minecraft:stripped_spruce_wood":59,"minecraft:cobblestone_wall":5,"minecraft:birch_log":5,"minecraft:spruce_log":15,"minecraft:birch_leaves":2,"minecraft:ice":2,"minecraft:blue_ice":1,"minecraft:lilac":1,"minecraft:white_carpet":1,"minecraft:grass":2,"minecraft:oak_log":10,"minecraft:coal_ore":19,"minecraft:gravel":110,"minecraft:dirt":244,"minecraft:stone_bricks":5,"minecraft:oak_leaves":16},"minecraft:picked_up":{"minecraft:crafting_table":5,"minecraft:splash_potion":1,"minecraft:ladder":3,"minecraft:flower_pot":1,"minecraft:smithing_table":1,"minecraft:brown_mushroom":2,"minecraft:packed_ice":77,"minecraft:brewing_stand":1,"minecraft:string":10,"minecraft:red_bed":2,"minecraft:raw_copper":8,"minecraft:beetroot_soup":1,"minecraft:white_carpet":1,"minecraft:gold_nugget":1,"minecraft:spruce_planks":87,"minecraft:beef":18,"minecraft:cobblestone_slab":37,"minecraft:poppy":2,"minecraft:spruce_slab":38,"minecraft:sugar_cane":9,"minecraft:chest":6,"minecraft:spruce_trapdoor":14,"minecraft:furnace":7,"minecraft:stick":5,"minecraft:stone":37,"minecraft:torch":21,"minecraft:spruce_stairs":8,"minecraft:spruce_fence":8,"minecraft:snow_block":3,"tombstone:grave_dust":6,"minecraft:carrot":30,"minecraft:arrow":6,"minecraft:cactus":1,"minecraft:rotten_flesh":23,"minecraft:beetroot_seeds":30,"minecraft:saddle":3,"minecraft:totem_of_undying":1,"minecraft:mutton":15,"minecraft:snowball":30,"minecraft:cod":2,"alexsmobs:lobster_tail":1,"minecraft:white_wool":8,"minecraft:cobblestone":1379,"minecraft:birch_log":5,"minecraft:lilac":1,"minecraft:andesite":7,"minecraft:salmon":3,"minecraft:brown_wool":1,"minecraft:leather":7,"minecraft:smoker":2,"minecraft:potato":11,"minecraft:flint":15,"minecraft:stripped_spruce_wood":59,"minecraft:oak_log":10,"minecraft:cobblestone_wall":5,"minecraft:gunpowder":8,"minecraft:dirt":622,"minecraft:blue_bed":7,"minecraft:lantern":22,"minecraft:white_banner":8,"minecraft:red_carpet":2,"minecraft:bone":3,"minecraft:stone_bricks":5,"minecraft:wheat_seeds":5,"alexsmobs:cockroach_wing_fragment":1,"minecraft:iron_ingot":9,"minecraft:glowstone_dust":2,"minecraft:gravel":95,"minecraft:stripped_spruce_log":48,"justhammers:stone_hammer":1,"minecraft:spruce_sapling":9,"minecraft:blast_furnace":1,"minecraft:white_bed":4,"minecraft:spruce_log":15,"minecraft:spruce_door":3,"minecraft:spider_eye":5,"minecraft:barrel":6,"minecraft:coal_ore":2,"minecraft:stone_axe":1,"minecraft:blue_ice":1,"minecraft:crossbow":5,"minecraft:golden_apple":1,"minecraft:gray_wool":3,"minecraft:emerald":8,"minecraft:spruce_sign":2,"minecraft:bread":9,"tombstone:magic_scroll":1,"minecraft:oak_sapling":2,"minecraft:coal":117},"minecraft:custom":{"minecraft:mob_kills":113,"minecraft:interact_with_crafting_table":38,"minecraft:open_barrel":1,"minecraft:bell_ring":36,"minecraft:leave_game":4,"minecraft:time_since_death":208482,"minecraft:climb_one_cm":3839,"minecraft:sprint_one_cm":353577,"minecraft:walk_one_cm":538731,"minecraft:drop":11,"minecraft:talked_to_villager":11,"minecraft:raid_win":2,"minecraft:play_time":208482,"minecraft:sneak_time":22938,"minecraft:walk_under_water_one_cm":10533,"minecraft:jump":2965,"minecraft:interact_with_blast_furnace":2,"minecraft:walk_on_water_one_cm":22122,"minecraft:total_world_time":208482,"minecraft:interact_with_furnace":14,"tombstone:raider_killed":51,"minecraft:raid_trigger":2,"minecraft:pot_flower":1,"minecraft:sleep_in_bed":6,"minecraft:time_since_rest":5598,"minecraft:damage_taken":1776,"minecraft:damage_dealt":25611,"minecraft:swim_one_cm":28295,"minecraft:fly_one_cm":702024,"minecraft:open_chest":71,"minecraft:crouch_one_cm":101960,"tombstone:undead_killed":18,"tombstone:villager_killed":2,"minecraft:interact_with_smoker":12,"minecraft:fall_one_cm":66693},"minecraft:dropped":{"minecraft:wheat_seeds":1,"minecraft:cobblestone":12,"minecraft:cod":1,"minecraft:rotten_flesh":3,"minecraft:salmon":2,"minecraft:poppy":1,"justhammers:stone_hammer":1,"minecraft:andesite":2},"minecraft:used":{"minecraft:iron_shovel":250,"minecraft:stone_sword":91,"minecraft:stone_shovel":484,"minecraft:ladder":3,"minecraft:poppy":1,"minecraft:chest":6,"minecraft:stone":36,"minecraft:iron_sword":2,"minecraft:stone_hoe":167,"minecraft:rotten_flesh":3,"minecraft:torch":31,"minecraft:dirt":373,"minecraft:carrot":27,"minecraft:packed_ice":22,"minecraft:lantern":7,"minecraft:iron_axe":4,"minecraft:barrel":8,"minecraft:stone_bricks":3,"minecraft:furnace":2,"tombstone:gift":2,"minecraft:cooked_beef":7,"minecraft:cooked_mutton":14,"minecraft:water_bucket":24,"minecraft:spruce_door":1,"minecraft:stone_pickaxe":659,"minecraft:wooden_pickaxe":8,"minecraft:spruce_sign":3,"minecraft:cobblestone_slab":37,"minecraft:red_bed":1,"minecraft:crafting_table":7,"minecraft:blast_furnace":1,"minecraft:white_bed":5,"minecraft:spruce_log":2,"minecraft:smoker":2,"minecraft:flower_pot":1,"minecraft:netherite_axe":18,"minecraft:brown_wool":1,"minecraft:spruce_trapdoor":18,"minecraft:spruce_sapling":4,"minecraft:gravel":12,"justhammers:stone_hammer":254,"minecraft:lilac":1,"minecraft:stone_axe":350,"minecraft:cobblestone":992,"minecraft:bucket":25,"alexsmobs:animal_dictionary":2,"minecraft:gray_wool":2,"minecraft:bone_meal":7,"minecraft:pillager_spawn_egg":1}},"DataVersion":3120}