{"stats":{"minecraft:picked_up":{"minecraft:birch_log":5,"minecraft:crafting_table":4,"minecraft:lilac":1,"minecraft:brown_wool":1,"minecraft:leather":7,"minecraft:smoker":1,"minecraft:oak_log":10,"minecraft:dirt":3,"alexsmobs:cockroach_wing_fragment":1,"minecraft:beef":18,"minecraft:sugar_cane":9,"minecraft:furnace":1,"tombstone:grave_dust":2,"minecraft:white_bed":1,"minecraft:rotten_flesh":7,"minecraft:gray_wool":3,"tombstone:magic_scroll":1,"minecraft:oak_sapling":2,"minecraft:mutton":15,"minecraft:coal":22,"minecraft:cobblestone":338,"minecraft:white_wool":8},"minecraft:custom":{"minecraft:interact_with_furnace":6,"minecraft:mob_kills":25,"minecraft:interact_with_crafting_table":6,"minecraft:time_since_death":41746,"minecraft:sleep_in_bed":1,"minecraft:time_since_rest":11147,"minecraft:sprint_one_cm":85026,"minecraft:damage_taken":200,"minecraft:walk_one_cm":56034,"minecraft:damage_dealt":2629,"minecraft:swim_one_cm":14106,"minecraft:fly_one_cm":217151,"minecraft:crouch_one_cm":4269,"minecraft:play_time":41746,"tombstone:undead_killed":5,"minecraft:sneak_time":1900,"minecraft:walk_under_water_one_cm":1283,"minecraft:jump":822,"minecraft:walk_on_water_one_cm":1835,"minecraft:total_world_time":41746,"minecraft:interact_with_smoker":8,"minecraft:fall_one_cm":21201},"minecraft:mined":{"minecraft:white_bed":1,"minecraft:smoker":1,"minecraft:crafting_table":4,"minecraft:sugar_cane":4,"minecraft:gray_wool":2,"minecraft:furnace":1,"minecraft:birch_log":5,"minecraft:lilac":1,"minecraft:birch_leaves":2,"minecraft:oak_log":10,"minecraft:coal_ore":10,"minecraft:dirt":3,"minecraft:stone":33,"minecraft:oak_leaves":16},"minecraft:killed":{"minecraft:zombie_villager":1,"minecraft:sheep":10,"minecraft:zombie":4,"alexsmobs:cockroach":1,"minecraft:cow":9},"minecraft:used":{"minecraft:cooked_mutton":5,"minecraft:stone_sword":16,"minecraft:stone_pickaxe":38,"minecraft:wooden_pickaxe":8,"minecraft:stone":1,"minecraft:rotten_flesh":3,"minecraft:torch":4,"minecraft:dirt":1,"minecraft:crafting_table":4,"minecraft:white_bed":1,"minecraft:smoker":1,"minecraft:brown_wool":1,"justhammers:stone_hammer":70,"minecraft:lilac":1,"minecraft:stone_axe":36,"minecraft:cobblestone":1,"minecraft:furnace":1,"alexsmobs:animal_dictionary":2,"minecraft:gray_wool":2},"minecraft:crafted":{"minecraft:oak_planks":40,"minecraft:crafting_table":1,"minecraft:wooden_pickaxe":1,"minecraft:furnace":2,"minecraft:stone":3,"minecraft:stone_axe":1,"minecraft:cooked_mutton":15,"minecraft:air":0,"justhammers:stone_hammer":1,"minecraft:stick":12,"minecraft:stone_pickaxe":1,"minecraft:stone_sword":1,"minecraft:white_bed":1,"minecraft:torch":8,"minecraft:smoker":1}},"DataVersion":3120}