{"stats":{"minecraft:picked_up":{"minecraft:crafting_table":1,"minecraft:oak_log":10,"minecraft:dirt":3,"minecraft:rotten_flesh":3,"minecraft:gray_wool":1,"minecraft:oak_sapling":2,"minecraft:mutton":5,"minecraft:white_wool":3,"minecraft:cobblestone":17},"minecraft:custom":{"minecraft:time_since_rest":17746,"minecraft:sprint_one_cm":18224,"minecraft:damage_taken":120,"minecraft:walk_one_cm":14807,"minecraft:mob_kills":6,"minecraft:damage_dealt":867,"minecraft:swim_one_cm":4238,"minecraft:interact_with_crafting_table":2,"minecraft:fly_one_cm":29477,"minecraft:crouch_one_cm":2789,"minecraft:play_time":17746,"tombstone:undead_killed":2,"minecraft:sneak_time":1305,"minecraft:walk_under_water_one_cm":287,"minecraft:jump":183,"minecraft:time_since_death":17746,"minecraft:walk_on_water_one_cm":419,"minecraft:total_world_time":17746,"minecraft:fall_one_cm":5588},"minecraft:mined":{"minecraft:crafting_table":1,"minecraft:oak_log":10,"minecraft:dirt":3,"minecraft:stone":17,"minecraft:oak_leaves":16},"minecraft:killed":{"minecraft:sheep":4,"minecraft:zombie":2},"minecraft:used":{"minecraft:stone_sword":7,"minecraft:stone_pickaxe":9,"minecraft:wooden_pickaxe":8,"minecraft:stone":1,"minecraft:rotten_flesh":3,"minecraft:stone_axe":13,"minecraft:dirt":1,"minecraft:crafting_table":1,"alexsmobs:animal_dictionary":2},"minecraft:crafted":{"minecraft:oak_planks":40,"minecraft:crafting_table":1,"minecraft:stick":8,"minecraft:wooden_pickaxe":1,"minecraft:stone_pickaxe":1,"minecraft:stone_sword":1,"minecraft:stone_axe":1}},"DataVersion":3120}