{"stats":{"minecraft:custom":{"minecraft:jump":6,"minecraft:open_chest":2,"minecraft:time_since_rest":53893,"minecraft:crouch_one_cm":224,"minecraft:play_time":53893,"minecraft:walk_on_water_one_cm":404,"minecraft:time_since_death":53893,"minecraft:walk_one_cm":3765,"minecraft:sneak_time":707,"minecraft:total_world_time":53893,"minecraft:walk_under_water_one_cm":177,"minecraft:fly_one_cm":2064321},"minecraft:picked_up":{"minecraft:saddle":1,"minecraft:gold_ingot":2,"minecraft:apple":3,"minecraft:oak_sapling":7,"minecraft:iron_horse_armor":1,"minecraft:iron_helmet":2},"minecraft:used":{"minecraft:chest":2}},"DataVersion":3120}