{"stats":{"minecraft:picked_up":{"minecraft:crafting_table":5,"minecraft:smithing_table":1,"minecraft:brown_mushroom":2,"minecraft:red_bed":2,"minecraft:string":4,"minecraft:raw_copper":8,"minecraft:beetroot_soup":1,"minecraft:spruce_planks":46,"minecraft:beef":18,"minecraft:poppy":1,"minecraft:spruce_slab":19,"minecraft:sugar_cane":9,"minecraft:chest":5,"minecraft:spruce_trapdoor":1,"minecraft:furnace":7,"minecraft:torch":6,"minecraft:spruce_stairs":5,"minecraft:spruce_fence":8,"minecraft:snow_block":3,"tombstone:grave_dust":4,"minecraft:carrot":4,"minecraft:arrow":4,"minecraft:rotten_flesh":14,"minecraft:beetroot_seeds":30,"minecraft:saddle":1,"minecraft:mutton":15,"minecraft:cobblestone":815,"minecraft:snowball":29,"minecraft:white_wool":8,"minecraft:birch_log":5,"minecraft:lilac":1,"minecraft:andesite":7,"minecraft:brown_wool":1,"minecraft:leather":7,"minecraft:smoker":2,"minecraft:potato":11,"minecraft:flint":14,"minecraft:stripped_spruce_wood":13,"minecraft:oak_log":10,"minecraft:cobblestone_wall":2,"minecraft:gunpowder":6,"minecraft:blue_bed":7,"minecraft:dirt":372,"minecraft:lantern":19,"minecraft:white_banner":4,"minecraft:bone":1,"minecraft:wheat_seeds":4,"alexsmobs:cockroach_wing_fragment":1,"minecraft:iron_ingot":9,"minecraft:gravel":76,"justhammers:stone_hammer":1,"minecraft:blast_furnace":1,"minecraft:stripped_spruce_log":48,"minecraft:spruce_sapling":7,"minecraft:white_bed":4,"minecraft:spruce_log":13,"minecraft:spider_eye":2,"minecraft:spruce_door":3,"minecraft:crossbow":3,"minecraft:blue_ice":1,"minecraft:gray_wool":3,"minecraft:emerald":2,"minecraft:bread":9,"tombstone:magic_scroll":1,"minecraft:oak_sapling":2,"minecraft:coal":91},"minecraft:dropped":{"minecraft:cobblestone":1,"justhammers:stone_hammer":1,"minecraft:andesite":2},"minecraft:killed":{"minecraft:vindicator":3,"minecraft:spider":5,"alexsmobs:seagull":1,"minecraft:skeleton":3,"minecraft:zombie_villager":2,"endofherobrine:villager":2,"minecraft:iron_golem":2,"minecraft:ravager":1,"minecraft:creeper":6,"minecraft:sheep":10,"minecraft:pillager":16,"alexsmobs:cockroach":1,"minecraft:zombie":11,"minecraft:cow":9},"minecraft:broken":{"minecraft:iron_shovel":1,"minecraft:stone_hoe":1,"minecraft:stone_pickaxe":1,"minecraft:stone_axe":1,"minecraft:stone_shovel":1},"minecraft:crafted":{"minecraft:oak_planks":40,"minecraft:stone_shovel":2,"minecraft:barrel":8,"minecraft:furnace":2,"minecraft:stone":6,"minecraft:cooked_mutton":15,"minecraft:iron_axe":1,"minecraft:spruce_slab":12,"minecraft:stone_pickaxe":2,"minecraft:chest":1,"minecraft:stone_hoe":2,"minecraft:smoker":1,"minecraft:cooked_beef":18,"sophisticatedbackpacks:backpack":1,"minecraft:spruce_sign":3,"minecraft:crafting_table":1,"minecraft:spruce_planks":68,"minecraft:wooden_pickaxe":1,"minecraft:iron_sword":1,"minecraft:fletching_table":1,"minecraft:bucket":1,"minecraft:birch_planks":4,"minecraft:stone_axe":2,"minecraft:air":0,"minecraft:spruce_trapdoor":4,"justhammers:stone_hammer":2,"minecraft:stick":56,"minecraft:stone_sword":1,"minecraft:iron_shovel":1,"minecraft:white_bed":1,"minecraft:torch":40},"minecraft:custom":{"minecraft:mob_kills":72,"minecraft:interact_with_crafting_table":29,"minecraft:open_barrel":1,"minecraft:bell_ring":14,"minecraft:leave_game":2,"minecraft:time_since_death":157439,"minecraft:sprint_one_cm":251430,"minecraft:walk_one_cm":354220,"minecraft:drop":3,"minecraft:talked_to_villager":7,"minecraft:raid_win":1,"minecraft:play_time":157439,"minecraft:sneak_time":18349,"minecraft:walk_under_water_one_cm":6843,"minecraft:jump":2217,"minecraft:interact_with_blast_furnace":2,"minecraft:walk_on_water_one_cm":8144,"minecraft:total_world_time":157439,"minecraft:interact_with_furnace":13,"tombstone:raider_killed":20,"minecraft:raid_trigger":2,"minecraft:sleep_in_bed":3,"minecraft:time_since_rest":96746,"minecraft:damage_taken":525,"minecraft:damage_dealt":15111,"minecraft:swim_one_cm":28295,"minecraft:fly_one_cm":530966,"minecraft:open_chest":50,"minecraft:crouch_one_cm":81565,"tombstone:undead_killed":16,"tombstone:villager_killed":2,"minecraft:interact_with_smoker":12,"minecraft:fall_one_cm":49123},"minecraft:used":{"minecraft:stone_sword":49,"minecraft:iron_shovel":250,"minecraft:stone_shovel":225,"minecraft:chest":5,"minecraft:stone":2,"minecraft:stone_hoe":167,"minecraft:rotten_flesh":3,"minecraft:torch":17,"minecraft:dirt":347,"minecraft:carrot":4,"minecraft:lantern":7,"minecraft:barrel":8,"minecraft:furnace":2,"tombstone:gift":1,"minecraft:cooked_mutton":14,"minecraft:water_bucket":19,"minecraft:spruce_door":1,"minecraft:stone_pickaxe":227,"minecraft:wooden_pickaxe":8,"minecraft:spruce_sign":1,"minecraft:red_bed":1,"minecraft:crafting_table":6,"minecraft:blast_furnace":1,"minecraft:white_bed":1,"minecraft:smoker":2,"minecraft:brown_wool":1,"minecraft:netherite_axe":18,"minecraft:spruce_trapdoor":5,"minecraft:gravel":1,"minecraft:spruce_sapling":4,"justhammers:stone_hammer":170,"minecraft:lilac":1,"minecraft:stone_axe":219,"minecraft:cobblestone":627,"minecraft:bucket":20,"alexsmobs:animal_dictionary":2,"minecraft:gray_wool":2,"minecraft:pillager_spawn_egg":1},"minecraft:mined":{"minecraft:spruce_planks":47,"minecraft:white_bed":4,"minecraft:spruce_trapdoor":1,"minecraft:grass_block":101,"minecraft:spruce_fence":8,"minecraft:spruce_leaves":12,"minecraft:furnace":7,"minecraft:carrots":1,"minecraft:snow":27,"minecraft:andesite":3,"minecraft:stripped_spruce_log":48,"minecraft:dirt_path":196,"minecraft:lantern":11,"minecraft:packed_ice":1,"minecraft:stone":118,"minecraft:spruce_slab":20,"minecraft:smithing_table":1,"minecraft:glass_pane":1,"minecraft:red_bed":2,"minecraft:smoker":2,"minecraft:spruce_door":2,"minecraft:crafting_table":5,"minecraft:torch":1,"minecraft:blast_furnace":1,"minecraft:chest":5,"minecraft:cobblestone":62,"minecraft:sugar_cane":4,"minecraft:wall_torch":2,"minecraft:blue_bed":7,"minecraft:spruce_stairs":5,"minecraft:gray_wool":2,"minecraft:stripped_spruce_wood":15,"minecraft:cobblestone_wall":2,"minecraft:birch_log":5,"minecraft:ice":1,"minecraft:lilac":1,"minecraft:spruce_log":13,"minecraft:birch_leaves":2,"minecraft:grass":2,"minecraft:oak_log":10,"minecraft:coal_ore":17,"minecraft:gravel":90,"minecraft:dirt":75,"minecraft:oak_leaves":16}},"DataVersion":3120}