{"stats":{"minecraft:picked_up":{"minecraft:crafting_table":5,"minecraft:smithing_table":1,"minecraft:brown_mushroom":2,"minecraft:string":2,"minecraft:red_bed":2,"minecraft:raw_copper":8,"minecraft:beetroot_soup":1,"minecraft:spruce_planks":13,"minecraft:beef":18,"minecraft:spruce_slab":12,"minecraft:sugar_cane":9,"minecraft:chest":5,"minecraft:spruce_trapdoor":1,"minecraft:furnace":7,"minecraft:spruce_stairs":5,"minecraft:spruce_fence":8,"minecraft:snow_block":3,"tombstone:grave_dust":3,"minecraft:carrot":4,"minecraft:rotten_flesh":14,"minecraft:beetroot_seeds":30,"minecraft:saddle":1,"minecraft:mutton":15,"minecraft:cobblestone":707,"minecraft:snowball":29,"minecraft:white_wool":8,"minecraft:birch_log":5,"minecraft:lilac":1,"minecraft:andesite":7,"minecraft:leather":7,"minecraft:brown_wool":1,"minecraft:smoker":2,"minecraft:potato":11,"minecraft:flint":10,"minecraft:oak_log":10,"minecraft:gunpowder":1,"minecraft:dirt":284,"minecraft:blue_bed":7,"minecraft:lantern":19,"minecraft:white_banner":3,"minecraft:wheat_seeds":4,"alexsmobs:cockroach_wing_fragment":1,"minecraft:iron_ingot":4,"minecraft:gravel":57,"minecraft:stripped_spruce_log":48,"minecraft:spruce_sapling":4,"minecraft:blast_furnace":1,"minecraft:white_bed":4,"minecraft:spruce_log":13,"minecraft:spider_eye":1,"minecraft:spruce_door":2,"minecraft:blue_ice":1,"minecraft:crossbow":3,"minecraft:gray_wool":3,"minecraft:bread":9,"minecraft:emerald":2,"tombstone:magic_scroll":1,"minecraft:oak_sapling":2,"minecraft:coal":72},"minecraft:custom":{"minecraft:mob_kills":58,"minecraft:interact_with_crafting_table":28,"minecraft:bell_ring":14,"minecraft:leave_game":2,"minecraft:time_since_death":140040,"minecraft:sprint_one_cm":212117,"minecraft:walk_one_cm":307081,"minecraft:drop":1,"minecraft:talked_to_villager":1,"minecraft:raid_win":1,"minecraft:play_time":140040,"minecraft:sneak_time":13925,"minecraft:walk_under_water_one_cm":6257,"minecraft:jump":1966,"minecraft:interact_with_blast_furnace":2,"minecraft:walk_on_water_one_cm":6641,"minecraft:total_world_time":140040,"minecraft:interact_with_furnace":13,"tombstone:raider_killed":14,"minecraft:raid_trigger":1,"minecraft:sleep_in_bed":3,"minecraft:time_since_rest":79347,"minecraft:damage_taken":505,"minecraft:damage_dealt":11291,"minecraft:swim_one_cm":28295,"minecraft:fly_one_cm":475078,"minecraft:open_chest":44,"minecraft:crouch_one_cm":60847,"tombstone:undead_killed":15,"tombstone:villager_killed":1,"minecraft:interact_with_smoker":12,"minecraft:fall_one_cm":43881},"minecraft:dropped":{"minecraft:andesite":2},"minecraft:broken":{"minecraft:iron_shovel":1,"minecraft:stone_hoe":1,"minecraft:stone_pickaxe":1,"minecraft:stone_axe":1},"minecraft:mined":{"minecraft:spruce_planks":13,"minecraft:white_bed":4,"minecraft:spruce_trapdoor":1,"minecraft:grass_block":69,"minecraft:spruce_fence":8,"minecraft:spruce_leaves":12,"minecraft:furnace":7,"minecraft:carrots":1,"minecraft:snow":27,"minecraft:andesite":3,"minecraft:stripped_spruce_log":48,"minecraft:dirt_path":190,"minecraft:lantern":11,"minecraft:packed_ice":1,"minecraft:stone":104,"minecraft:spruce_slab":12,"minecraft:smithing_table":1,"minecraft:glass_pane":1,"minecraft:red_bed":2,"minecraft:smoker":2,"minecraft:spruce_door":1,"minecraft:crafting_table":5,"minecraft:blast_furnace":1,"minecraft:chest":5,"minecraft:cobblestone":46,"minecraft:sugar_cane":4,"minecraft:blue_bed":7,"minecraft:spruce_stairs":5,"minecraft:gray_wool":2,"minecraft:birch_log":5,"minecraft:lilac":1,"minecraft:birch_leaves":2,"minecraft:spruce_log":13,"minecraft:grass":2,"minecraft:coal_ore":13,"minecraft:oak_log":10,"minecraft:gravel":67,"minecraft:dirt":25,"minecraft:oak_leaves":16},"minecraft:killed":{"minecraft:spider":4,"minecraft:vindicator":2,"minecraft:skeleton":2,"endofherobrine:villager":1,"minecraft:zombie_villager":2,"minecraft:iron_golem":1,"minecraft:ravager":1,"minecraft:creeper":3,"minecraft:sheep":10,"minecraft:pillager":11,"alexsmobs:cockroach":1,"minecraft:zombie":11,"minecraft:cow":9},"minecraft:used":{"minecraft:stone_sword":35,"minecraft:iron_shovel":250,"minecraft:stone_shovel":115,"minecraft:chest":5,"minecraft:stone":2,"minecraft:stone_hoe":167,"minecraft:rotten_flesh":3,"minecraft:torch":6,"minecraft:dirt":280,"minecraft:carrot":4,"minecraft:lantern":7,"minecraft:barrel":8,"minecraft:furnace":2,"tombstone:gift":1,"minecraft:cooked_mutton":13,"minecraft:water_bucket":6,"minecraft:spruce_door":1,"minecraft:stone_pickaxe":191,"minecraft:wooden_pickaxe":8,"minecraft:spruce_sign":1,"minecraft:crafting_table":6,"minecraft:blast_furnace":1,"minecraft:white_bed":1,"minecraft:smoker":2,"minecraft:brown_wool":1,"minecraft:netherite_axe":18,"minecraft:spruce_trapdoor":5,"justhammers:stone_hammer":148,"minecraft:lilac":1,"minecraft:stone_axe":161,"minecraft:cobblestone":584,"minecraft:bucket":7,"alexsmobs:animal_dictionary":2,"minecraft:gray_wool":2,"minecraft:pillager_spawn_egg":1},"minecraft:crafted":{"minecraft:oak_planks":40,"minecraft:stone_shovel":2,"minecraft:barrel":8,"minecraft:furnace":2,"minecraft:stone":6,"minecraft:cooked_mutton":15,"minecraft:spruce_slab":12,"minecraft:stone_pickaxe":2,"minecraft:chest":1,"minecraft:stone_hoe":2,"minecraft:smoker":1,"minecraft:cooked_beef":18,"sophisticatedbackpacks:backpack":1,"minecraft:spruce_sign":3,"minecraft:crafting_table":1,"minecraft:spruce_planks":68,"minecraft:wooden_pickaxe":1,"minecraft:fletching_table":1,"minecraft:bucket":1,"minecraft:birch_planks":4,"minecraft:stone_axe":2,"minecraft:air":0,"minecraft:spruce_trapdoor":4,"justhammers:stone_hammer":2,"minecraft:stick":56,"minecraft:stone_sword":1,"minecraft:iron_shovel":1,"minecraft:white_bed":1,"minecraft:torch":40}},"DataVersion":3120}