{"stats":{"minecraft:picked_up":{"minecraft:birch_log":5,"minecraft:crafting_table":5,"minecraft:lilac":1,"minecraft:brown_wool":1,"minecraft:leather":7,"minecraft:smithing_table":1,"minecraft:smoker":2,"minecraft:potato":11,"minecraft:oak_log":10,"minecraft:blue_bed":6,"minecraft:dirt":3,"minecraft:red_bed":2,"minecraft:lantern":12,"minecraft:beetroot_soup":1,"alexsmobs:cockroach_wing_fragment":1,"minecraft:spruce_planks":1,"minecraft:iron_ingot":4,"minecraft:beef":18,"minecraft:sugar_cane":9,"minecraft:chest":5,"minecraft:furnace":7,"minecraft:snow_block":3,"minecraft:blast_furnace":1,"minecraft:spruce_sapling":1,"tombstone:grave_dust":2,"minecraft:white_bed":4,"minecraft:spruce_door":1,"minecraft:rotten_flesh":8,"minecraft:beetroot_seeds":30,"minecraft:blue_ice":1,"minecraft:gray_wool":3,"minecraft:bread":9,"tombstone:magic_scroll":1,"minecraft:oak_sapling":2,"minecraft:snowball":2,"minecraft:mutton":15,"minecraft:coal":45,"minecraft:cobblestone":398,"minecraft:white_wool":8},"minecraft:custom":{"minecraft:interact_with_furnace":10,"minecraft:mob_kills":28,"minecraft:interact_with_crafting_table":15,"minecraft:raid_trigger":1,"minecraft:leave_game":1,"minecraft:time_since_death":83252,"minecraft:sleep_in_bed":3,"minecraft:time_since_rest":22559,"minecraft:sprint_one_cm":146142,"minecraft:damage_taken":400,"minecraft:walk_one_cm":105244,"minecraft:damage_dealt":4321,"minecraft:swim_one_cm":25193,"minecraft:talked_to_villager":1,"minecraft:fly_one_cm":342911,"minecraft:open_chest":16,"minecraft:crouch_one_cm":8732,"minecraft:play_time":83252,"tombstone:undead_killed":6,"minecraft:sneak_time":4333,"minecraft:walk_under_water_one_cm":1964,"tombstone:villager_killed":1,"minecraft:jump":1338,"minecraft:walk_on_water_one_cm":2185,"minecraft:total_world_time":83252,"minecraft:interact_with_smoker":8,"minecraft:fall_one_cm":32015},"minecraft:mined":{"minecraft:smithing_table":1,"minecraft:spruce_planks":1,"minecraft:white_bed":4,"minecraft:red_bed":2,"minecraft:smoker":2,"minecraft:spruce_door":1,"minecraft:crafting_table":5,"minecraft:blast_furnace":1,"minecraft:chest":5,"minecraft:cobblestone":8,"minecraft:spruce_leaves":4,"minecraft:sugar_cane":4,"minecraft:blue_bed":6,"minecraft:gray_wool":2,"minecraft:furnace":7,"minecraft:birch_log":5,"minecraft:lilac":1,"minecraft:birch_leaves":2,"minecraft:oak_log":10,"minecraft:coal_ore":10,"minecraft:lantern":11,"minecraft:dirt":3,"minecraft:packed_ice":1,"minecraft:stone":49,"minecraft:oak_leaves":16},"minecraft:killed":{"endofherobrine:villager":1,"minecraft:zombie_villager":1,"minecraft:iron_golem":1,"minecraft:sheep":10,"minecraft:zombie":5,"alexsmobs:cockroach":1,"minecraft:cow":9},"minecraft:used":{"minecraft:cooked_mutton":8,"minecraft:stone_sword":20,"minecraft:spruce_door":1,"minecraft:stone_pickaxe":91,"minecraft:chest":5,"minecraft:wooden_pickaxe":8,"minecraft:stone":1,"minecraft:rotten_flesh":3,"minecraft:torch":6,"minecraft:dirt":2,"minecraft:crafting_table":6,"minecraft:blast_furnace":1,"minecraft:white_bed":1,"minecraft:smoker":2,"minecraft:brown_wool":1,"justhammers:stone_hammer":84,"minecraft:lilac":1,"minecraft:stone_axe":59,"minecraft:cobblestone":35,"minecraft:furnace":2,"alexsmobs:animal_dictionary":2,"minecraft:gray_wool":2},"minecraft:crafted":{"minecraft:oak_planks":40,"sophisticatedbackpacks:backpack":1,"minecraft:crafting_table":1,"minecraft:wooden_pickaxe":1,"minecraft:furnace":2,"minecraft:stone":6,"minecraft:birch_planks":4,"minecraft:stone_axe":1,"minecraft:cooked_mutton":15,"minecraft:air":0,"justhammers:stone_hammer":2,"minecraft:stick":28,"minecraft:stone_pickaxe":1,"minecraft:stone_sword":1,"minecraft:chest":1,"minecraft:white_bed":1,"minecraft:torch":40,"minecraft:smoker":1}},"DataVersion":3120}