{"stats":{"minecraft:used":{"vct:birch_crafting_table":1,"minecraft:torch":2,"ecologics:coconut_crab_spawn_egg":1,"vct:acacia_crafting_table":1,"mysticalagriculture:creative_soulium_dagger":6,"vct:crimson_crafting_table":1,"vct:jungle_crafting_table":1,"vct:warped_crafting_table":1,"vct:dark_oak_crafting_table":1,"vct:spruce_crafting_table":1,"vct:mangrove_crafting_table":1},"minecraft:picked_up":{"ecologics:coconut_slice":2,"mysticalagriculture:inferium_essence":1,"minecraft:string":2,"minecraft:bone":2,"minecraft:arrow":3,"ecologics:crab_claw":1},"minecraft:custom":{"minecraft:damage_taken":20,"minecraft:time_since_rest":29708,"minecraft:play_time":29708,"minecraft:crouch_one_cm":1325,"minecraft:sprint_one_cm":4251,"minecraft:walk_one_cm":24838,"minecraft:sneak_time":354,"minecraft:mob_kills":5,"minecraft:drop":12,"minecraft:jump":46,"minecraft:damage_dealt":1157,"minecraft:time_since_death":29708,"minecraft:total_world_time":29708,"minecraft:fall_one_cm":484,"minecraft:player_kills":1,"minecraft:fly_one_cm":125679},"minecraft:dropped":{"minecraft:leather_leggings":1,"minecraft:bread":24,"minecraft:leather_chestplate":1,"minecraft:wooden_sword":1,"sophisticatedbackpacks:backpack":1,"ecologics:crab_claw":1,"minecraft:wooden_pickaxe":1,"minecraft:wooden_axe":1,"ecologics:coconut_slice":2,"minecraft:leather_helmet":1,"minecraft:leather_boots":1},"minecraft:killed":{"ecologics:coconut_crab":1,"minecraft:spider":1,"minecraft:skeleton":3}},"DataVersion":3120}