{"stats":{"minecraft:dropped":{"minecraft:wheat_seeds":3,"minecraft:cobblestone":13,"minecraft:cod":1,"minecraft:rotten_flesh":3,"minecraft:salmon":2,"minecraft:carrot":196,"minecraft:poppy":1,"justhammers:stone_hammer":1,"minecraft:andesite":2,"sophisticatedbackpacks:copper_backpack":1},"minecraft:mined":{"minecraft:white_bed":6,"minecraft:spruce_planks":91,"minecraft:farmland":79,"minecraft:cobblestone_stairs":2,"minecraft:potted_cactus":1,"minecraft:brewing_stand":1,"minecraft:spruce_trapdoor":14,"minecraft:ladder":8,"minecraft:grass_block":105,"minecraft:spruce_fence":8,"minecraft:spruce_leaves":19,"minecraft:furnace":7,"minecraft:carrots":110,"minecraft:barrel":6,"minecraft:snow":28,"minecraft:andesite":3,"minecraft:stripped_spruce_log":58,"minecraft:dirt_path":198,"minecraft:cobblestone_slab":42,"minecraft:lantern":11,"minecraft:packed_ice":171,"minecraft:stone":242,"minecraft:spruce_slab":38,"minecraft:smithing_table":1,"minecraft:glass_pane":4,"minecraft:red_bed":2,"minecraft:snow_block":1,"minecraft:smoker":2,"minecraft:spruce_door":2,"minecraft:crafting_table":7,"minecraft:torch":3,"minecraft:blast_furnace":1,"minecraft:chest":6,"minecraft:spruce_wall_sign":3,"minecraft:cobblestone":335,"minecraft:sugar_cane":4,"minecraft:blue_bed":7,"minecraft:wall_torch":11,"minecraft:spruce_stairs":8,"minecraft:gray_wool":2,"minecraft:stripped_spruce_wood":59,"minecraft:cobblestone_wall":8,"minecraft:birch_log":5,"minecraft:spruce_log":106,"minecraft:birch_leaves":2,"minecraft:lilac":1,"minecraft:ice":2,"minecraft:blue_ice":1,"minecraft:white_carpet":1,"minecraft:grass":3,"minecraft:oak_log":10,"minecraft:coal_ore":34,"minecraft:gravel":180,"minecraft:dirt":260,"minecraft:stone_bricks":5,"minecraft:oak_leaves":16},"minecraft:crafted":{"minecraft:oak_planks":40,"minecraft:cobblestone_slab":66,"minecraft:stone_shovel":3,"minecraft:barrel":8,"minecraft:furnace":2,"minecraft:cobblestone_stairs":4,"minecraft:stone":6,"minecraft:bone_meal":9,"minecraft:cooked_mutton":15,"sophisticatedbackpacks:copper_backpack":1,"minecraft:iron_axe":1,"minecraft:ladder":3,"minecraft:spruce_slab":12,"minecraft:stone_pickaxe":4,"minecraft:chest":1,"minecraft:stone_hoe":2,"minecraft:smoker":1,"minecraft:cooked_beef":18,"sophisticatedbackpacks:backpack":1,"minecraft:spruce_sign":3,"minecraft:crafting_table":3,"minecraft:spruce_planks":396,"minecraft:wooden_pickaxe":1,"minecraft:iron_sword":1,"minecraft:copper_ingot":37,"minecraft:fletching_table":4,"minecraft:bucket":1,"minecraft:birch_planks":4,"minecraft:stone_axe":3,"minecraft:air":0,"minecraft:spruce_trapdoor":12,"justhammers:stone_hammer":4,"minecraft:stick":776,"minecraft:stone_sword":1,"minecraft:iron_shovel":1,"minecraft:white_bed":1,"minecraft:torch":40},"minecraft:used":{"minecraft:netherite_sword":3,"minecraft:iron_shovel":250,"minecraft:stone_sword":91,"minecraft:stone_shovel":567,"minecraft:ladder":11,"minecraft:poppy":1,"minecraft:chest":6,"minecraft:spruce_planks":12,"minecraft:iron_sword":7,"minecraft:stone":410,"minecraft:stone_hoe":175,"minecraft:rotten_flesh":3,"minecraft:torch":62,"minecraft:dirt":374,"minecraft:spruce_stairs":5,"minecraft:carrot":193,"endofherobrine:lurker_spawn_egg":17,"minecraft:stripped_spruce_log":7,"minecraft:packed_ice":30,"minecraft:lantern":7,"minecraft:iron_axe":121,"minecraft:barrel":10,"minecraft:stone_bricks":3,"minecraft:furnace":2,"tombstone:gift":4,"tombstone:smoke_ball":3,"minecraft:cooked_beef":9,"minecraft:cooked_mutton":14,"minecraft:water_bucket":25,"minecraft:cobblestone_stairs":6,"minecraft:spruce_door":1,"minecraft:stone_pickaxe":876,"minecraft:wooden_pickaxe":8,"minecraft:redstone_block":3,"minecraft:spruce_sign":4,"minecraft:fletching_table":4,"minecraft:cobblestone_slab":44,"minecraft:red_bed":1,"minecraft:tnt":9,"minecraft:crafting_table":10,"minecraft:blast_furnace":1,"minecraft:white_bed":7,"minecraft:spruce_log":15,"minecraft:smoker":2,"minecraft:wooden_hoe":1,"minecraft:flower_pot":1,"minecraft:netherite_axe":18,"minecraft:brown_wool":1,"minecraft:spruce_trapdoor":18,"minecraft:gravel":33,"minecraft:spruce_sapling":5,"justhammers:stone_hammer":382,"minecraft:lilac":1,"minecraft:stone_axe":357,"minecraft:cobblestone":1271,"minecraft:bucket":26,"alexsmobs:animal_dictionary":2,"minecraft:gray_wool":2,"minecraft:bone_meal":9,"minecraft:pillager_spawn_egg":1},"minecraft:killed":{"alexsmobs:lobster":1,"minecraft:vex":3,"minecraft:evoker":1,"minecraft:witch":5,"minecraft:spider":8,"minecraft:vindicator":10,"alexsmobs:seagull":3,"minecraft:skeleton":3,"minecraft:zombie_villager":2,"endofherobrine:villager":2,"alexsmobs:seal":4,"minecraft:iron_golem":2,"minecraft:ravager":3,"minecraft:creeper":7,"minecraft:sheep":10,"minecraft:pillager":32,"minecraft:zombie":13,"alexsmobs:cockroach":1,"minecraft:villager":2,"minecraft:cow":9},"minecraft:broken":{"minecraft:iron_shovel":1,"minecraft:stone_hoe":1,"minecraft:stone_pickaxe":3,"justhammers:stone_hammer":1,"minecraft:stone_axe":3,"minecraft:stone_shovel":2},"minecraft:custom":{"minecraft:mob_kills":121,"minecraft:interact_with_crafting_table":45,"minecraft:open_barrel":6,"minecraft:bell_ring":36,"minecraft:leave_game":14,"minecraft:time_since_death":351253,"minecraft:climb_one_cm":7885,"minecraft:sprint_one_cm":417563,"minecraft:walk_one_cm":763998,"minecraft:drop":19,"minecraft:talked_to_villager":14,"minecraft:raid_win":2,"minecraft:play_time":351253,"minecraft:sneak_time":28809,"minecraft:walk_under_water_one_cm":10895,"minecraft:jump":3611,"minecraft:interact_with_blast_furnace":6,"minecraft:walk_on_water_one_cm":27163,"minecraft:total_world_time":351253,"minecraft:interact_with_furnace":15,"tombstone:raider_killed":51,"minecraft:raid_trigger":2,"minecraft:pot_flower":1,"minecraft:sleep_in_bed":10,"minecraft:time_since_rest":87463,"minecraft:damage_taken":1846,"minecraft:damage_dealt":26571,"minecraft:swim_one_cm":33370,"minecraft:fly_one_cm":1139838,"minecraft:open_chest":113,"minecraft:crouch_one_cm":116861,"tombstone:undead_killed":18,"tombstone:villager_killed":4,"minecraft:interact_with_smoker":13,"minecraft:fall_one_cm":78372},"minecraft:picked_up":{"minecraft:crafting_table":7,"minecraft:splash_potion":1,"minecraft:ladder":9,"minecraft:flower_pot":1,"minecraft:smithing_table":1,"minecraft:brown_mushroom":2,"minecraft:packed_ice":163,"minecraft:brewing_stand":1,"minecraft:string":12,"minecraft:red_bed":2,"minecraft:raw_copper":37,"minecraft:beetroot_soup":1,"minecraft:white_carpet":1,"minecraft:gold_nugget":1,"minecraft:spruce_planks":95,"minecraft:beef":18,"minecraft:cobblestone_slab":43,"minecraft:poppy":2,"minecraft:spruce_slab":38,"minecraft:sugar_cane":9,"minecraft:chest":6,"minecraft:spruce_trapdoor":14,"minecraft:furnace":7,"minecraft:stick":8,"minecraft:stone":60,"minecraft:torch":45,"minecraft:spruce_stairs":8,"minecraft:spruce_fence":8,"minecraft:snow_block":3,"tombstone:grave_dust":6,"minecraft:carrot":397,"minecraft:arrow":6,"minecraft:cactus":1,"minecraft:rotten_flesh":23,"minecraft:beetroot_seeds":30,"minecraft:saddle":4,"minecraft:totem_of_undying":1,"sophisticatedbackpacks:copper_backpack":1,"minecraft:mutton":15,"minecraft:snowball":38,"minecraft:cod":2,"alexsmobs:lobster_tail":1,"minecraft:white_wool":8,"minecraft:cobblestone":1978,"minecraft:birch_log":5,"minecraft:lilac":1,"minecraft:andesite":7,"minecraft:salmon":3,"minecraft:brown_wool":1,"minecraft:leather":7,"minecraft:smoker":2,"minecraft:potato":11,"alexsmobs:cachalot_whale_tooth":2,"minecraft:flint":22,"minecraft:stripped_spruce_wood":59,"minecraft:oak_log":10,"minecraft:cobblestone_wall":8,"minecraft:gunpowder":8,"minecraft:cobblestone_stairs":2,"minecraft:white_banner":11,"minecraft:dirt":644,"minecraft:blue_bed":7,"minecraft:lantern":22,"tombstone:gift":1,"minecraft:red_carpet":2,"minecraft:bone":3,"minecraft:stone_bricks":5,"minecraft:wheat_seeds":8,"alexsmobs:cockroach_wing_fragment":1,"minecraft:iron_ingot":9,"minecraft:glowstone_dust":2,"minecraft:gravel":165,"minecraft:stripped_spruce_log":58,"justhammers:stone_hammer":1,"minecraft:spruce_sapling":22,"minecraft:blast_furnace":1,"minecraft:ink_sac":5,"minecraft:white_bed":8,"minecraft:spruce_log":106,"minecraft:spruce_door":3,"minecraft:spider_eye":5,"minecraft:barrel":10,"minecraft:coal_ore":17,"minecraft:stone_axe":1,"minecraft:blue_ice":1,"minecraft:crossbow":5,"minecraft:emerald":8,"minecraft:golden_apple":1,"minecraft:gray_wool":3,"minecraft:spruce_sign":5,"minecraft:bread":9,"tombstone:magic_scroll":2,"minecraft:oak_sapling":2,"minecraft:coal":136}},"DataVersion":3120}