{"stats":{"minecraft:custom":{"minecraft:open_chest":2,"minecraft:time_since_rest":80432,"minecraft:crouch_one_cm":432,"minecraft:play_time":80432,"minecraft:damage_taken":40,"minecraft:walk_one_cm":6900,"minecraft:sneak_time":960,"minecraft:walk_under_water_one_cm":177,"minecraft:jump":16,"minecraft:leave_game":4,"minecraft:walk_on_water_one_cm":404,"minecraft:time_since_death":80432,"minecraft:total_world_time":80432,"minecraft:fall_one_cm":659,"minecraft:fly_one_cm":2099543},"minecraft:picked_up":{"minecraft:apple":3,"minecraft:iron_helmet":2,"minecraft:gold_ingot":2,"minecraft:saddle":1,"minecraft:oak_sapling":7,"minecraft:iron_horse_armor":1},"minecraft:used":{"minecraft:dirt":26,"minecraft:armor_stand":1,"minecraft:grass_block":16,"minecraft:chest":2}},"DataVersion":3120}