{"stats":{"minecraft:picked_up":{"minecraft:crafting_table":5,"minecraft:smithing_table":1,"minecraft:brown_mushroom":2,"minecraft:red_bed":2,"minecraft:raw_copper":8,"minecraft:beetroot_soup":1,"minecraft:spruce_planks":13,"minecraft:beef":18,"minecraft:spruce_slab":12,"minecraft:sugar_cane":9,"minecraft:chest":5,"minecraft:spruce_trapdoor":1,"minecraft:furnace":7,"minecraft:spruce_stairs":5,"minecraft:spruce_fence":8,"minecraft:snow_block":3,"tombstone:grave_dust":3,"minecraft:carrot":4,"minecraft:rotten_flesh":13,"minecraft:beetroot_seeds":30,"minecraft:saddle":1,"minecraft:mutton":15,"minecraft:cobblestone":575,"minecraft:snowball":29,"minecraft:white_wool":8,"minecraft:birch_log":5,"minecraft:lilac":1,"minecraft:andesite":4,"minecraft:leather":7,"minecraft:brown_wool":1,"minecraft:smoker":2,"minecraft:potato":11,"minecraft:flint":10,"minecraft:oak_log":10,"minecraft:dirt":260,"minecraft:blue_bed":7,"minecraft:lantern":19,"minecraft:white_banner":3,"minecraft:wheat_seeds":3,"alexsmobs:cockroach_wing_fragment":1,"minecraft:iron_ingot":4,"minecraft:gravel":57,"minecraft:stripped_spruce_log":48,"minecraft:spruce_sapling":4,"minecraft:blast_furnace":1,"minecraft:white_bed":4,"minecraft:spruce_log":13,"minecraft:spruce_door":2,"minecraft:blue_ice":1,"minecraft:crossbow":3,"minecraft:gray_wool":3,"minecraft:bread":9,"minecraft:emerald":2,"tombstone:magic_scroll":1,"minecraft:oak_sapling":2,"minecraft:coal":72},"minecraft:custom":{"minecraft:mob_kills":55,"minecraft:interact_with_crafting_table":24,"minecraft:bell_ring":14,"minecraft:leave_game":1,"minecraft:time_since_death":123842,"minecraft:sprint_one_cm":187754,"minecraft:walk_one_cm":253737,"minecraft:drop":1,"minecraft:talked_to_villager":1,"minecraft:raid_win":1,"minecraft:play_time":123842,"minecraft:sneak_time":12156,"minecraft:walk_under_water_one_cm":4518,"minecraft:jump":1759,"minecraft:interact_with_blast_furnace":1,"minecraft:walk_on_water_one_cm":2512,"minecraft:total_world_time":123842,"minecraft:interact_with_furnace":13,"tombstone:raider_killed":14,"minecraft:raid_trigger":1,"minecraft:sleep_in_bed":3,"minecraft:time_since_rest":63149,"minecraft:damage_taken":420,"minecraft:damage_dealt":10691,"minecraft:swim_one_cm":26942,"minecraft:fly_one_cm":439868,"minecraft:open_chest":35,"minecraft:crouch_one_cm":52799,"tombstone:undead_killed":13,"tombstone:villager_killed":1,"minecraft:interact_with_smoker":12,"minecraft:fall_one_cm":38703},"minecraft:dropped":{"minecraft:andesite":2},"minecraft:broken":{"minecraft:iron_shovel":1,"minecraft:stone_pickaxe":1,"minecraft:stone_axe":1},"minecraft:mined":{"minecraft:spruce_planks":13,"minecraft:white_bed":4,"minecraft:spruce_trapdoor":1,"minecraft:grass_block":66,"minecraft:spruce_fence":8,"minecraft:spruce_leaves":12,"minecraft:furnace":7,"minecraft:carrots":1,"minecraft:snow":27,"minecraft:stripped_spruce_log":48,"minecraft:dirt_path":172,"minecraft:lantern":11,"minecraft:packed_ice":1,"minecraft:stone":90,"minecraft:spruce_slab":12,"minecraft:smithing_table":1,"minecraft:glass_pane":1,"minecraft:red_bed":2,"minecraft:smoker":2,"minecraft:spruce_door":1,"minecraft:crafting_table":5,"minecraft:blast_furnace":1,"minecraft:chest":5,"minecraft:cobblestone":27,"minecraft:sugar_cane":4,"minecraft:blue_bed":7,"minecraft:spruce_stairs":5,"minecraft:gray_wool":2,"minecraft:birch_log":5,"minecraft:lilac":1,"minecraft:birch_leaves":2,"minecraft:spruce_log":13,"minecraft:grass":2,"minecraft:coal_ore":13,"minecraft:oak_log":10,"minecraft:gravel":67,"minecraft:dirt":22,"minecraft:oak_leaves":16},"minecraft:killed":{"minecraft:spider":4,"minecraft:vindicator":2,"minecraft:skeleton":2,"endofherobrine:villager":1,"minecraft:zombie_villager":1,"minecraft:iron_golem":1,"minecraft:ravager":1,"minecraft:creeper":2,"minecraft:sheep":10,"minecraft:pillager":11,"alexsmobs:cockroach":1,"minecraft:zombie":10,"minecraft:cow":9},"minecraft:used":{"minecraft:stone_sword":33,"minecraft:iron_shovel":250,"minecraft:stone_shovel":94,"minecraft:chest":5,"minecraft:stone":2,"minecraft:stone_hoe":80,"minecraft:rotten_flesh":3,"minecraft:torch":6,"minecraft:dirt":256,"minecraft:lantern":6,"minecraft:furnace":2,"minecraft:cooked_mutton":12,"minecraft:water_bucket":4,"minecraft:spruce_door":1,"minecraft:stone_pickaxe":155,"minecraft:wooden_pickaxe":8,"minecraft:crafting_table":6,"minecraft:blast_furnace":1,"minecraft:white_bed":1,"minecraft:smoker":2,"minecraft:brown_wool":1,"minecraft:netherite_axe":18,"minecraft:spruce_trapdoor":5,"justhammers:stone_hammer":122,"minecraft:lilac":1,"minecraft:stone_axe":161,"minecraft:cobblestone":439,"minecraft:bucket":4,"alexsmobs:animal_dictionary":2,"minecraft:gray_wool":2,"minecraft:pillager_spawn_egg":1},"minecraft:crafted":{"minecraft:oak_planks":40,"minecraft:stone_shovel":2,"minecraft:furnace":2,"minecraft:stone":6,"minecraft:cooked_mutton":15,"minecraft:stone_pickaxe":2,"minecraft:chest":1,"minecraft:stone_hoe":1,"minecraft:smoker":1,"minecraft:cooked_beef":18,"sophisticatedbackpacks:backpack":1,"minecraft:crafting_table":1,"minecraft:spruce_planks":28,"minecraft:wooden_pickaxe":1,"minecraft:fletching_table":1,"minecraft:bucket":1,"minecraft:birch_planks":4,"minecraft:stone_axe":2,"minecraft:air":0,"minecraft:spruce_trapdoor":4,"justhammers:stone_hammer":2,"minecraft:stick":36,"minecraft:stone_sword":1,"minecraft:iron_shovel":1,"minecraft:white_bed":1,"minecraft:torch":40}},"DataVersion":3120}