{"stats":{"minecraft:mined":{"minecraft:oak_log":5,"minecraft:birch_log":11,"minecraft:stone":11,"vct:birch_crafting_table":1},"minecraft:custom":{"minecraft:time_since_rest":4066,"minecraft:crouch_one_cm":1520,"minecraft:play_time":4066,"minecraft:sprint_one_cm":9425,"minecraft:walk_one_cm":8936,"minecraft:sneak_time":557,"minecraft:mob_kills":7,"minecraft:boat_one_cm":25011,"minecraft:drop":1,"minecraft:jump":92,"minecraft:damage_dealt":360,"minecraft:walk_on_water_one_cm":605,"minecraft:time_since_death":4066,"minecraft:total_world_time":4066,"minecraft:interact_with_crafting_table":3,"minecraft:fall_one_cm":1316,"minecraft:fly_one_cm":15558},"minecraft:killed":{"naturalist:snail":2,"minecraft:pig":2,"minecraft:chicken":3},"minecraft:crafted":{"minecraft:birch_planks":40,"minecraft:stone_axe":1,"minecraft:stick":8,"vct:birch_crafting_table":2,"minecraft:birch_boat":1,"minecraft:wooden_pickaxe":1,"minecraft:stone_pickaxe":1},"minecraft:dropped":{"minecraft:wooden_pickaxe":1},"minecraft:picked_up":{"minecraft:birch_log":10,"minecraft:feather":1,"minecraft:chicken":3,"minecraft:birch_boat":1,"mysticalagriculture:inferium_essence":1,"minecraft:porkchop":3,"minecraft:oak_log":5,"vct:birch_crafting_table":1,"naturalist:snail_shell":1,"minecraft:cobblestone":11},"minecraft:used":{"vct:birch_crafting_table":2,"minecraft:stone_axe":20,"minecraft:birch_boat":1,"minecraft:wooden_pickaxe":11}},"DataVersion":3120}