{"stats":{"minecraft:mined":{"minecraft:grass":7,"minecraft:dirt":1,"minecraft:stone":7},"minecraft:custom":{"minecraft:time_since_rest":3239,"minecraft:crouch_one_cm":803,"minecraft:play_time":3239,"minecraft:sprint_one_cm":14189,"minecraft:damage_taken":90,"minecraft:walk_one_cm":7679,"minecraft:sneak_time":259,"minecraft:mob_kills":4,"minecraft:drop":1,"minecraft:jump":153,"minecraft:damage_dealt":343,"minecraft:time_since_death":3239,"minecraft:total_world_time":3239,"minecraft:fall_one_cm":5011,"minecraft:fly_one_cm":35692},"minecraft:dropped":{"minecraft:wheat_seeds":1},"minecraft:used":{"minecraft:dirt":1,"ecologics:walnut":5,"minecraft:wooden_pickaxe":27,"ecologics:walnut_sapling":2},"minecraft:picked_up":{"minecraft:stick":5,"ecologics:walnut":5,"minecraft:feather":2,"minecraft:chicken":4,"ecologics:walnut_sapling":6,"minecraft:wheat_seeds":1,"minecraft:wooden_pickaxe":1,"minecraft:dirt":1,"minecraft:cobblestone":6},"minecraft:killed":{"minecraft:chicken":4}},"DataVersion":3120}