{"stats":{"minecraft:picked_up":{"minecraft:crafting_table":2,"minecraft:andesite":24,"alexsmobs:bison_fur":2,"justhammers:gold_hammer":1,"minecraft:tuff":506,"minecraft:oak_log":29,"minecraft:gunpowder":2,"minecraft:lapis_lazuli":26,"minecraft:dirt":32,"minecraft:bone":1,"minecraft:apple":1,"alexsmobs:cockroach_wing_fragment":1,"minecraft:cobbled_deepslate":1760,"minecraft:raw_gold":49,"minecraft:beef":14,"minecraft:furnace":9,"minecraft:stick":2,"minecraft:raw_iron":36,"minecraft:stone":6,"minecraft:cooked_porkchop":2,"minecraft:torch":7,"minecraft:porkchop":8,"tombstone:grave_dust":1,"minecraft:diorite":28,"minecraft:redstone":22,"justhammers:diamond_hammer":1,"minecraft:arrow":2,"minecraft:diamond":12,"minecraft:granite":107,"minecraft:oak_sapling":2,"minecraft:obsidian":22,"minecraft:coal":185,"minecraft:rail":3,"minecraft:cobblestone":481},"minecraft:custom":{"minecraft:interact_with_furnace":63,"minecraft:mob_kills":9,"minecraft:interact_with_crafting_table":29,"minecraft:time_since_death":5887,"minecraft:time_since_rest":3488,"minecraft:sprint_one_cm":212871,"minecraft:damage_taken":1316,"minecraft:walk_one_cm":177267,"tombstone:sneak_grave":1,"minecraft:drop":66,"minecraft:damage_dealt":1220,"minecraft:swim_one_cm":30925,"minecraft:fly_one_cm":180518,"minecraft:open_chest":1,"minecraft:crouch_one_cm":3826,"minecraft:play_time":106966,"tombstone:undead_killed":1,"minecraft:deaths":1,"minecraft:sneak_time":3457,"minecraft:walk_under_water_one_cm":14636,"minecraft:jump":1518,"minecraft:walk_on_water_one_cm":17949,"minecraft:total_world_time":106966,"minecraft:fall_one_cm":36060},"minecraft:dropped":{"justhammers:diamond_hammer":1,"minecraft:stone_axe":1,"minecraft:stone_sword":1,"minecraft:cobbled_deepslate":1421,"minecraft:tuff":466,"minecraft:cooked_porkchop":2,"minecraft:cobblestone":84,"minecraft:oak_planks":1,"minecraft:granite":72,"justhammers:gold_hammer":3,"minecraft:rail":3,"justhammers:stone_hammer":2,"minecraft:diorite":28,"alexsmobs:cockroach_wing_fragment":1,"minecraft:andesite":1,"minecraft:stone_pickaxe":1},"minecraft:broken":{"justhammers:stone_hammer":1,"justhammers:iron_hammer":1},"minecraft:mined":{"minecraft:crafting_table":2,"minecraft:torch":1,"minecraft:granite":21,"minecraft:grass_block":12,"minecraft:sculk_sensor":1,"minecraft:cobblestone":3,"minecraft:wall_torch":1,"minecraft:spawner":2,"minecraft:furnace":9,"minecraft:cobbled_deepslate":1,"minecraft:fire":1,"minecraft:andesite":12,"minecraft:grass":2,"minecraft:coal_ore":10,"minecraft:oak_log":30,"minecraft:dirt":20,"minecraft:stone":72,"minecraft:oak_leaves":9,"minecraft:deepslate":12},"minecraft:killed":{"minecraft:pig":4,"minecraft:creeper":1,"minecraft:skeleton":1,"alexsmobs:terrapin":1,"alexsmobs:bison":2},"minecraft:used":{"minecraft:stone_sword":20,"minecraft:stone_pickaxe":66,"minecraft:wooden_pickaxe":20,"minecraft:iron_sword":2,"minecraft:torch":89,"minecraft:dirt":32,"justhammers:diamond_hammer":391,"minecraft:crafting_table":5,"justhammers:gold_hammer":100,"minecraft:tuff":38,"minecraft:granite":35,"justhammers:iron_hammer":131,"minecraft:iron_axe":16,"minecraft:bread":2,"minecraft:iron_pickaxe":79,"justhammers:stone_hammer":297,"minecraft:stone_axe":24,"minecraft:cobblestone":25,"minecraft:oak_sapling":1,"minecraft:furnace":9,"minecraft:cooked_porkchop":8,"minecraft:andesite":12,"tombstone:gift":4,"alexsmobs:animal_dictionary":20,"minecraft:cobbled_deepslate":157,"minecraft:iron_leggings":1},"minecraft:killed_by":{"minecraft:drowned":1},"minecraft:crafted":{"minecraft:oak_planks":116,"minecraft:cooked_porkchop":8,"minecraft:crafting_table":4,"minecraft:wooden_pickaxe":1,"minecraft:iron_sword":1,"minecraft:furnace":2,"sophisticatedbackpacks:gold_backpack":1,"minecraft:stone":49,"justhammers:gold_hammer":2,"minecraft:stone_axe":1,"minecraft:bread":2,"minecraft:air":0,"justhammers:iron_hammer":1,"minecraft:iron_boots":1,"justhammers:stone_hammer":5,"minecraft:iron_axe":1,"minecraft:stick":64,"minecraft:iron_pickaxe":1,"minecraft:iron_ingot":34,"minecraft:stone_pickaxe":1,"justhammers:diamond_hammer":1,"minecraft:stone_sword":1,"minecraft:iron_leggings":1,"minecraft:gold_ingot":16,"minecraft:torch":72,"sophisticatedbackpacks:iron_backpack":1}},"DataVersion":3120}