{"stats":{"minecraft:picked_up":{"minecraft:crafting_table":1,"minecraft:oak_log":19,"minecraft:diorite":2,"minecraft:dirt":24,"minecraft:granite":87,"minecraft:coal":26,"minecraft:cobblestone":330,"minecraft:furnace":1},"minecraft:custom":{"minecraft:time_since_rest":16966,"minecraft:interact_with_furnace":6,"minecraft:sprint_one_cm":14404,"minecraft:damage_taken":40,"minecraft:walk_one_cm":17771,"minecraft:drop":3,"minecraft:damage_dealt":20,"minecraft:swim_one_cm":5758,"minecraft:interact_with_crafting_table":8,"minecraft:fly_one_cm":9253,"minecraft:crouch_one_cm":520,"minecraft:play_time":16966,"minecraft:sneak_time":614,"minecraft:walk_under_water_one_cm":3850,"minecraft:jump":128,"minecraft:walk_on_water_one_cm":4793,"minecraft:time_since_death":16966,"minecraft:total_world_time":16966,"minecraft:fall_one_cm":1022},"minecraft:dropped":{"justhammers:stone_hammer":1,"minecraft:oak_planks":1,"minecraft:granite":51},"minecraft:mined":{"minecraft:furnace":1,"minecraft:fire":1,"minecraft:crafting_table":1,"minecraft:granite":1,"minecraft:grass":1,"minecraft:oak_log":20,"minecraft:grass_block":8,"minecraft:coal_ore":10,"minecraft:dirt":16,"minecraft:stone":40,"minecraft:oak_leaves":7},"minecraft:used":{"minecraft:stone_pickaxe":56,"minecraft:wooden_pickaxe":20,"justhammers:stone_hammer":98,"minecraft:torch":5,"minecraft:stone_axe":22,"minecraft:dirt":2,"minecraft:crafting_table":2,"minecraft:furnace":1,"alexsmobs:animal_dictionary":1,"minecraft:granite":15},"minecraft:crafted":{"minecraft:oak_planks":76,"justhammers:stone_hammer":3,"minecraft:crafting_table":1,"minecraft:stick":24,"minecraft:wooden_pickaxe":1,"minecraft:stone_pickaxe":1,"minecraft:stone_sword":1,"minecraft:furnace":1,"minecraft:stone":9,"minecraft:torch":16,"minecraft:stone_axe":1,"minecraft:air":0}},"DataVersion":3120}