{"stats":{"minecraft:picked_up":{"minecraft:crafting_table":1,"minecraft:andesite":1,"minecraft:porkchop":8,"minecraft:oak_log":19,"minecraft:diorite":3,"minecraft:dirt":25,"minecraft:granite":87,"minecraft:oak_sapling":1,"minecraft:coal":64,"minecraft:cobblestone":358,"minecraft:furnace":2},"minecraft:custom":{"minecraft:time_since_rest":28966,"minecraft:interact_with_furnace":15,"minecraft:sprint_one_cm":33741,"minecraft:damage_taken":80,"minecraft:walk_one_cm":40413,"minecraft:mob_kills":5,"minecraft:drop":3,"minecraft:damage_dealt":510,"minecraft:swim_one_cm":15564,"minecraft:interact_with_crafting_table":8,"minecraft:fly_one_cm":33166,"minecraft:crouch_one_cm":548,"minecraft:play_time":28966,"minecraft:sneak_time":855,"minecraft:walk_under_water_one_cm":8539,"minecraft:jump":289,"minecraft:walk_on_water_one_cm":9193,"minecraft:time_since_death":28966,"minecraft:total_world_time":28966,"minecraft:fall_one_cm":3736},"minecraft:dropped":{"justhammers:stone_hammer":1,"minecraft:oak_planks":1,"minecraft:granite":51},"minecraft:mined":{"minecraft:furnace":2,"minecraft:fire":1,"minecraft:crafting_table":1,"minecraft:granite":1,"minecraft:grass":2,"minecraft:oak_log":20,"minecraft:grass_block":9,"minecraft:coal_ore":10,"minecraft:sculk_sensor":1,"minecraft:dirt":16,"minecraft:stone":40,"minecraft:oak_leaves":7},"minecraft:killed":{"minecraft:pig":4,"alexsmobs:terrapin":1},"minecraft:used":{"minecraft:stone_sword":10,"minecraft:stone_pickaxe":58,"minecraft:wooden_pickaxe":20,"justhammers:stone_hammer":120,"minecraft:torch":17,"minecraft:stone_axe":24,"minecraft:dirt":17,"minecraft:crafting_table":2,"minecraft:furnace":2,"minecraft:cooked_porkchop":2,"alexsmobs:animal_dictionary":7,"minecraft:granite":15},"minecraft:crafted":{"minecraft:oak_planks":76,"minecraft:cooked_porkchop":8,"justhammers:stone_hammer":3,"minecraft:crafting_table":1,"minecraft:stick":24,"minecraft:wooden_pickaxe":1,"minecraft:stone_pickaxe":1,"minecraft:stone_sword":1,"minecraft:furnace":1,"minecraft:stone":9,"minecraft:torch":32,"minecraft:stone_axe":1,"minecraft:air":0}},"DataVersion":3120}