{"stats":{"minecraft:picked_up":{"minecraft:crafting_table":1,"minecraft:andesite":1,"justhammers:gold_hammer":1,"minecraft:tuff":462,"minecraft:oak_log":19,"minecraft:lapis_lazuli":26,"minecraft:dirt":25,"minecraft:bone":1,"alexsmobs:cockroach_wing_fragment":1,"minecraft:cobbled_deepslate":1483,"minecraft:raw_gold":29,"minecraft:furnace":5,"minecraft:raw_iron":15,"minecraft:stone":6,"minecraft:cooked_porkchop":2,"minecraft:torch":5,"minecraft:porkchop":8,"tombstone:grave_dust":1,"minecraft:diorite":28,"minecraft:redstone":22,"justhammers:diamond_hammer":1,"minecraft:arrow":2,"minecraft:diamond":12,"minecraft:granite":87,"minecraft:oak_sapling":1,"minecraft:coal":126,"minecraft:cobblestone":381},"minecraft:custom":{"minecraft:interact_with_furnace":34,"minecraft:mob_kills":6,"minecraft:interact_with_crafting_table":15,"minecraft:time_since_death":64966,"minecraft:time_since_rest":64966,"minecraft:sprint_one_cm":93973,"minecraft:damage_taken":300,"minecraft:walk_one_cm":109421,"tombstone:sneak_grave":1,"minecraft:drop":61,"minecraft:damage_dealt":730,"minecraft:swim_one_cm":15564,"minecraft:fly_one_cm":95266,"minecraft:open_chest":1,"minecraft:crouch_one_cm":3265,"minecraft:play_time":64966,"tombstone:undead_killed":1,"minecraft:sneak_time":3045,"minecraft:walk_under_water_one_cm":9786,"minecraft:jump":696,"minecraft:walk_on_water_one_cm":9727,"minecraft:total_world_time":64966,"minecraft:fall_one_cm":15274},"minecraft:dropped":{"justhammers:diamond_hammer":1,"minecraft:cobbled_deepslate":1406,"minecraft:tuff":466,"minecraft:cooked_porkchop":2,"minecraft:cobblestone":84,"minecraft:oak_planks":1,"minecraft:granite":72,"justhammers:gold_hammer":3,"justhammers:stone_hammer":2,"minecraft:diorite":28,"alexsmobs:cockroach_wing_fragment":1,"minecraft:andesite":1},"minecraft:broken":{"justhammers:stone_hammer":1,"justhammers:iron_hammer":1},"minecraft:mined":{"minecraft:crafting_table":1,"minecraft:granite":1,"minecraft:grass_block":9,"minecraft:sculk_sensor":1,"minecraft:cobblestone":2,"minecraft:furnace":5,"minecraft:fire":1,"minecraft:grass":2,"minecraft:coal_ore":10,"minecraft:oak_log":20,"minecraft:dirt":16,"minecraft:stone":40,"minecraft:oak_leaves":7,"minecraft:deepslate":2},"minecraft:killed":{"minecraft:pig":4,"minecraft:skeleton":1,"alexsmobs:terrapin":1},"minecraft:used":{"minecraft:stone_sword":16,"minecraft:stone_pickaxe":64,"minecraft:wooden_pickaxe":20,"minecraft:torch":62,"minecraft:dirt":25,"justhammers:diamond_hammer":246,"minecraft:crafting_table":3,"justhammers:gold_hammer":100,"minecraft:tuff":1,"minecraft:granite":15,"justhammers:iron_hammer":131,"justhammers:stone_hammer":289,"minecraft:stone_axe":24,"minecraft:cobblestone":16,"minecraft:furnace":5,"minecraft:cooked_porkchop":4,"tombstone:gift":2,"alexsmobs:animal_dictionary":16,"minecraft:cobbled_deepslate":77},"minecraft:crafted":{"minecraft:oak_planks":76,"minecraft:cooked_porkchop":8,"minecraft:crafting_table":2,"minecraft:wooden_pickaxe":1,"minecraft:furnace":1,"minecraft:stone":49,"justhammers:gold_hammer":2,"minecraft:stone_axe":1,"minecraft:air":0,"justhammers:iron_hammer":1,"justhammers:stone_hammer":5,"minecraft:stick":52,"minecraft:iron_ingot":4,"minecraft:stone_pickaxe":1,"justhammers:diamond_hammer":1,"minecraft:stone_sword":1,"minecraft:gold_ingot":6,"minecraft:torch":72}},"DataVersion":3120}