{"stats":{"minecraft:picked_up":{"minecraft:crafting_table":3,"minecraft:wheat":2,"justhammers:gold_hammer":1,"minecraft:string":3,"minecraft:moss_carpet":8,"minecraft:cobbled_deepslate":1762,"minecraft:beef":20,"minecraft:rose_bush":1,"minecraft:azalea":4,"minecraft:furnace":11,"minecraft:raw_iron":36,"minecraft:stick":3,"minecraft:stone":6,"minecraft:torch":7,"minecraft:porkchop":27,"minecraft:diorite":28,"tombstone:grave_dust":1,"minecraft:redstone":22,"minecraft:dark_oak_planks":1,"minecraft:arrow":2,"minecraft:obsidian":22,"minecraft:mutton":12,"minecraft:cobblestone":482,"minecraft:rail":3,"minecraft:white_wool":6,"minecraft:andesite":31,"minecraft:leather":2,"alexsmobs:bear_fur":1,"alexsmobs:bison_fur":2,"minecraft:tuff":506,"minecraft:oak_log":34,"minecraft:gunpowder":2,"minecraft:lapis_lazuli":26,"minecraft:dirt":37,"minecraft:cooked_mutton":1,"minecraft:bone":1,"minecraft:apple":1,"minecraft:wheat_seeds":6,"minecraft:raw_gold":53,"alexsmobs:cockroach_wing_fragment":1,"minecraft:moss_block":2,"minecraft:flowering_azalea":2,"minecraft:cooked_porkchop":2,"minecraft:white_bed":5,"justhammers:diamond_hammer":1,"minecraft:spider_eye":1,"minecraft:diamond":12,"minecraft:granite":107,"minecraft:oak_sapling":8,"minecraft:black_wool":1,"minecraft:netherrack":4,"minecraft:coal":285},"minecraft:custom":{"minecraft:mob_kills":31,"minecraft:interact_with_crafting_table":32,"minecraft:time_since_death":34969,"minecraft:sprint_one_cm":325849,"minecraft:walk_one_cm":220048,"minecraft:drop":86,"minecraft:play_time":142966,"minecraft:deaths":2,"minecraft:sneak_time":4406,"minecraft:walk_under_water_one_cm":15758,"minecraft:jump":2814,"minecraft:walk_on_water_one_cm":23228,"minecraft:total_world_time":142966,"minecraft:interact_with_furnace":90,"tombstone:raider_killed":2,"minecraft:time_since_rest":32570,"minecraft:damage_taken":3778,"tombstone:sneak_grave":1,"minecraft:damage_dealt":4699,"minecraft:swim_one_cm":40881,"minecraft:fly_one_cm":362117,"minecraft:open_chest":6,"minecraft:crouch_one_cm":4944,"tombstone:undead_killed":1,"minecraft:fall_one_cm":94424},"minecraft:dropped":{"justhammers:diamond_hammer":1,"minecraft:wheat_seeds":6,"minecraft:cooked_porkchop":2,"minecraft:cobblestone":84,"minecraft:granite":72,"minecraft:rail":3,"minecraft:stick":1,"minecraft:diorite":28,"minecraft:rose_bush":1,"minecraft:stone_axe":1,"minecraft:stone_sword":1,"minecraft:cobbled_deepslate":1423,"minecraft:tuff":466,"minecraft:wheat":3,"minecraft:oak_planks":1,"justhammers:gold_hammer":3,"justhammers:stone_hammer":2,"alexsmobs:cockroach_wing_fragment":1,"minecraft:andesite":8,"minecraft:oak_sapling":5,"minecraft:spider_eye":1,"minecraft:stone_pickaxe":1,"minecraft:netherrack":4,"minecraft:black_wool":1},"minecraft:broken":{"justhammers:iron_hammer":1,"justhammers:stone_hammer":1},"minecraft:mined":{"minecraft:dark_oak_planks":1,"minecraft:white_bed":6,"minecraft:granite":21,"minecraft:grass_block":13,"minecraft:moss_block":4,"minecraft:spawner":2,"minecraft:furnace":12,"minecraft:fire":1,"minecraft:cobbled_deepslate":3,"minecraft:andesite":12,"minecraft:moss_carpet":1,"minecraft:packed_ice":2,"minecraft:azalea":2,"minecraft:stone":72,"minecraft:flowering_azalea":2,"minecraft:powder_snow":5,"minecraft:crafting_table":3,"minecraft:torch":1,"minecraft:sculk_sensor":1,"minecraft:cobblestone":4,"minecraft:wall_torch":1,"minecraft:grass":3,"minecraft:oak_log":33,"minecraft:coal_ore":10,"minecraft:dirt":24,"minecraft:oak_leaves":12,"minecraft:deepslate":12},"minecraft:killed":{"minecraft:spider":2,"minecraft:skeleton":1,"alexsmobs:bison":2,"minecraft:pig":12,"alexsmobs:grizzly_bear":1,"minecraft:creeper":1,"minecraft:sheep":6,"minecraft:pillager":2,"alexsmobs:terrapin":1,"minecraft:cow":3},"minecraft:used":{"minecraft:azalea":1,"minecraft:stone_sword":20,"minecraft:iron_sword":21,"minecraft:torch":91,"minecraft:dirt":37,"justhammers:gold_hammer":100,"minecraft:tuff":45,"minecraft:granite":35,"minecraft:dark_oak_planks":1,"minecraft:iron_axe":55,"minecraft:furnace":13,"minecraft:oak_sapling":2,"tombstone:gift":4,"minecraft:cobbled_deepslate":343,"minecraft:iron_leggings":1,"minecraft:cooked_mutton":3,"minecraft:stone_pickaxe":66,"minecraft:wooden_pickaxe":20,"minecraft:crafting_table":7,"justhammers:diamond_hammer":397,"minecraft:white_bed":5,"justhammers:iron_hammer":131,"minecraft:apple":1,"minecraft:bread":2,"minecraft:iron_pickaxe":85,"justhammers:stone_hammer":297,"minecraft:stone_axe":24,"minecraft:cobblestone":30,"minecraft:cooked_porkchop":14,"minecraft:andesite":23,"alexsmobs:animal_dictionary":20},"minecraft:killed_by":{"minecraft:creeper":1,"minecraft:drowned":1},"minecraft:crafted":{"minecraft:oak_planks":136,"minecraft:furnace":3,"minecraft:stone":49,"minecraft:cooked_mutton":3,"minecraft:iron_boots":1,"minecraft:iron_axe":1,"justhammers:diamond_hammer":1,"minecraft:stone_pickaxe":1,"sophisticatedbackpacks:iron_backpack":1,"minecraft:cooked_porkchop":12,"minecraft:crafting_table":4,"minecraft:wooden_pickaxe":1,"minecraft:iron_sword":1,"justhammers:gold_hammer":2,"sophisticatedbackpacks:gold_backpack":1,"minecraft:stone_axe":1,"minecraft:bread":2,"minecraft:air":0,"justhammers:iron_hammer":1,"justhammers:stone_hammer":5,"minecraft:stick":64,"minecraft:iron_ingot":34,"minecraft:iron_pickaxe":1,"minecraft:stone_sword":1,"minecraft:gold_ingot":16,"minecraft:iron_leggings":1,"minecraft:white_bed":1,"minecraft:torch":108}},"DataVersion":3120}