{"stats":{"minecraft:picked_up":{"minecraft:crafting_table":5,"minecraft:wheat":2,"justhammers:gold_hammer":1,"minecraft:string":5,"minecraft:moss_carpet":8,"minecraft:cobbled_deepslate":1767,"minecraft:beef":20,"minecraft:rose_bush":1,"minecraft:azalea":4,"minecraft:furnace":11,"minecraft:raw_iron":78,"minecraft:stick":3,"minecraft:stone":6,"minecraft:torch":11,"minecraft:porkchop":27,"minecraft:pointed_dripstone":9,"minecraft:diorite":31,"tombstone:grave_dust":1,"minecraft:redstone":22,"minecraft:dark_oak_planks":1,"minecraft:arrow":2,"minecraft:hay_block":2,"minecraft:obsidian":22,"minecraft:mutton":12,"minecraft:cobblestone":1034,"minecraft:rail":3,"minecraft:white_wool":6,"minecraft:andesite":77,"minecraft:leather":2,"alexsmobs:bear_fur":1,"alexsmobs:bison_fur":2,"minecraft:tuff":506,"minecraft:oak_log":34,"minecraft:gunpowder":2,"minecraft:lapis_lazuli":26,"minecraft:dirt":40,"minecraft:cooked_mutton":1,"minecraft:bone":1,"minecraft:apple":1,"minecraft:wheat_seeds":6,"minecraft:raw_gold":53,"alexsmobs:cockroach_wing_fragment":1,"minecraft:moss_block":2,"minecraft:flowering_azalea":2,"minecraft:cooked_porkchop":2,"minecraft:dripstone_block":13,"minecraft:gravel":8,"minecraft:white_bed":6,"justhammers:diamond_hammer":1,"minecraft:spider_eye":1,"minecraft:diamond":12,"minecraft:granite":128,"minecraft:oak_sapling":8,"minecraft:black_wool":1,"minecraft:netherrack":4,"minecraft:coal":316},"minecraft:custom":{"minecraft:mob_kills":34,"minecraft:interact_with_crafting_table":36,"minecraft:time_since_death":82969,"minecraft:sprint_one_cm":385330,"minecraft:walk_one_cm":275215,"minecraft:drop":112,"minecraft:talked_to_villager":1,"minecraft:play_time":190966,"minecraft:deaths":2,"minecraft:sneak_time":5673,"minecraft:walk_under_water_one_cm":15931,"minecraft:jump":3740,"minecraft:walk_on_water_one_cm":26351,"minecraft:total_world_time":190966,"minecraft:interact_with_furnace":103,"tombstone:raider_killed":2,"minecraft:interact_with_cartography_table":1,"minecraft:time_since_rest":80570,"minecraft:damage_taken":5345,"tombstone:sneak_grave":1,"minecraft:damage_dealt":5271,"minecraft:swim_one_cm":41443,"minecraft:fly_one_cm":453543,"minecraft:open_chest":9,"minecraft:crouch_one_cm":7908,"tombstone:undead_killed":2,"minecraft:interact_with_smoker":7,"minecraft:fall_one_cm":138000},"minecraft:dropped":{"justhammers:diamond_hammer":1,"minecraft:wheat_seeds":6,"minecraft:dripstone_block":3,"minecraft:cooked_porkchop":2,"minecraft:cobblestone":228,"minecraft:granite":83,"minecraft:rail":3,"minecraft:stick":1,"minecraft:diorite":29,"minecraft:rose_bush":1,"minecraft:gravel":8,"minecraft:stone_axe":1,"minecraft:stone_sword":1,"minecraft:cobbled_deepslate":1423,"minecraft:tuff":466,"minecraft:wheat":3,"minecraft:pointed_dripstone":8,"minecraft:oak_planks":1,"justhammers:gold_hammer":3,"justhammers:stone_hammer":2,"alexsmobs:cockroach_wing_fragment":1,"minecraft:andesite":54,"minecraft:oak_sapling":5,"minecraft:spider_eye":1,"minecraft:stone_pickaxe":1,"minecraft:netherrack":4,"minecraft:black_wool":1},"minecraft:broken":{"justhammers:gold_hammer":2,"justhammers:iron_hammer":1,"justhammers:stone_hammer":1},"minecraft:mined":{"minecraft:dark_oak_planks":1,"minecraft:white_bed":7,"minecraft:granite":21,"minecraft:grass_block":15,"minecraft:moss_block":4,"minecraft:spawner":2,"minecraft:hay_block":2,"minecraft:furnace":13,"minecraft:fire":1,"minecraft:cobbled_deepslate":3,"minecraft:andesite":12,"minecraft:moss_carpet":1,"minecraft:packed_ice":2,"minecraft:azalea":2,"minecraft:stone":76,"minecraft:flowering_azalea":2,"minecraft:powder_snow":5,"minecraft:crafting_table":5,"minecraft:torch":1,"minecraft:sculk_sensor":1,"minecraft:cobblestone":4,"minecraft:wall_torch":1,"minecraft:grass":3,"minecraft:oak_log":33,"minecraft:coal_ore":10,"minecraft:gravel":4,"minecraft:dirt":25,"minecraft:oak_leaves":12,"minecraft:deepslate":12},"minecraft:killed":{"minecraft:spider":4,"minecraft:skeleton":1,"alexsmobs:bison":2,"minecraft:pig":12,"alexsmobs:grizzly_bear":1,"minecraft:creeper":1,"minecraft:sheep":6,"minecraft:pillager":2,"minecraft:zombie":1,"alexsmobs:terrapin":1,"minecraft:cow":3},"minecraft:used":{"minecraft:azalea":1,"minecraft:stone_sword":20,"minecraft:chest":1,"minecraft:iron_sword":33,"minecraft:torch":111,"minecraft:dirt":40,"justhammers:gold_hammer":208,"minecraft:tuff":45,"minecraft:granite":45,"minecraft:dark_oak_planks":1,"minecraft:iron_axe":58,"minecraft:furnace":15,"minecraft:oak_sapling":2,"tombstone:gift":5,"minecraft:cobbled_deepslate":367,"minecraft:pointed_dripstone":1,"minecraft:iron_leggings":1,"minecraft:cooked_mutton":4,"minecraft:diorite":2,"minecraft:oak_planks":1,"minecraft:stone_pickaxe":66,"minecraft:wooden_pickaxe":20,"minecraft:crafting_table":9,"justhammers:diamond_hammer":461,"minecraft:white_bed":5,"minecraft:dripstone_block":10,"justhammers:iron_hammer":131,"minecraft:apple":1,"minecraft:bread":2,"minecraft:iron_pickaxe":93,"justhammers:stone_hammer":297,"minecraft:stone_axe":24,"minecraft:cobblestone":136,"minecraft:cooked_porkchop":20,"minecraft:andesite":23,"alexsmobs:animal_dictionary":21},"minecraft:killed_by":{"minecraft:creeper":1,"minecraft:drowned":1},"minecraft:crafted":{"minecraft:oak_planks":136,"minecraft:furnace":3,"minecraft:stone":49,"sophisticatedbackpacks:crafting_upgrade":1,"minecraft:cooked_mutton":3,"minecraft:iron_boots":1,"minecraft:iron_axe":1,"justhammers:diamond_hammer":1,"minecraft:stone_pickaxe":1,"minecraft:chest":2,"sophisticatedbackpacks:iron_backpack":1,"minecraft:cooked_porkchop":23,"minecraft:crafting_table":6,"minecraft:wooden_pickaxe":1,"minecraft:iron_sword":1,"justhammers:gold_hammer":2,"sophisticatedbackpacks:gold_backpack":1,"minecraft:stone_axe":1,"sophisticatedbackpacks:upgrade_base":1,"minecraft:bread":2,"minecraft:air":0,"justhammers:iron_hammer":1,"justhammers:stone_hammer":5,"minecraft:stick":64,"minecraft:iron_ingot":63,"minecraft:iron_pickaxe":1,"minecraft:stone_sword":1,"minecraft:gold_ingot":34,"minecraft:iron_leggings":1,"minecraft:white_bed":1,"minecraft:torch":108}},"DataVersion":3120}