{"stats":{"minecraft:picked_up":{"minecraft:oak_log":6,"minecraft:dirt":12,"minecraft:cobblestone":8},"minecraft:custom":{"minecraft:time_since_rest":4966,"minecraft:crouch_one_cm":135,"minecraft:play_time":4966,"minecraft:sprint_one_cm":6754,"minecraft:damage_taken":20,"minecraft:walk_one_cm":3929,"minecraft:sneak_time":88,"minecraft:walk_under_water_one_cm":247,"minecraft:jump":32,"minecraft:damage_dealt":20,"minecraft:time_since_death":4966,"minecraft:walk_on_water_one_cm":3971,"minecraft:total_world_time":4966,"minecraft:interact_with_crafting_table":3,"minecraft:swim_one_cm":4409,"minecraft:fall_one_cm":209,"minecraft:fly_one_cm":2730},"minecraft:mined":{"minecraft:grass_block":3,"minecraft:oak_log":6,"minecraft:dirt":9,"minecraft:stone":8,"minecraft:oak_leaves":1},"minecraft:used":{"minecraft:dirt":2,"minecraft:crafting_table":1,"minecraft:wooden_pickaxe":20},"minecraft:crafted":{"minecraft:stone_sword":1,"minecraft:oak_planks":24,"minecraft:stone_axe":1,"minecraft:crafting_table":1,"minecraft:stick":8,"minecraft:stone_pickaxe":1,"minecraft:wooden_pickaxe":1}},"DataVersion":3120}