{"stats":{"minecraft:picked_up":{"minecraft:crafting_table":1,"minecraft:andesite":12,"justhammers:gold_hammer":1,"minecraft:tuff":493,"minecraft:oak_log":19,"minecraft:gunpowder":2,"minecraft:lapis_lazuli":26,"minecraft:dirt":25,"minecraft:bone":1,"alexsmobs:cockroach_wing_fragment":1,"minecraft:cobbled_deepslate":1736,"minecraft:raw_gold":35,"minecraft:furnace":5,"minecraft:raw_iron":34,"minecraft:stone":6,"minecraft:cooked_porkchop":2,"minecraft:torch":7,"minecraft:porkchop":8,"tombstone:grave_dust":1,"minecraft:diorite":28,"minecraft:redstone":22,"justhammers:diamond_hammer":1,"minecraft:arrow":2,"minecraft:diamond":12,"minecraft:granite":87,"minecraft:oak_sapling":1,"minecraft:coal":126,"minecraft:rail":3,"minecraft:cobblestone":381},"minecraft:custom":{"minecraft:interact_with_furnace":36,"minecraft:mob_kills":7,"minecraft:interact_with_crafting_table":17,"minecraft:time_since_death":76966,"minecraft:time_since_rest":76966,"minecraft:sprint_one_cm":155145,"minecraft:damage_taken":540,"minecraft:walk_one_cm":153428,"tombstone:sneak_grave":1,"minecraft:drop":63,"minecraft:damage_dealt":930,"minecraft:swim_one_cm":15564,"minecraft:fly_one_cm":102751,"minecraft:open_chest":1,"minecraft:crouch_one_cm":3479,"minecraft:play_time":76966,"tombstone:undead_killed":1,"minecraft:sneak_time":3125,"minecraft:walk_under_water_one_cm":9786,"minecraft:jump":818,"minecraft:walk_on_water_one_cm":9727,"minecraft:total_world_time":76966,"minecraft:fall_one_cm":16635},"minecraft:dropped":{"justhammers:diamond_hammer":1,"minecraft:cobbled_deepslate":1421,"minecraft:tuff":466,"minecraft:cooked_porkchop":2,"minecraft:cobblestone":84,"minecraft:oak_planks":1,"minecraft:granite":72,"justhammers:gold_hammer":3,"minecraft:rail":3,"justhammers:stone_hammer":2,"minecraft:diorite":28,"alexsmobs:cockroach_wing_fragment":1,"minecraft:andesite":1},"minecraft:broken":{"justhammers:stone_hammer":1,"justhammers:iron_hammer":1},"minecraft:mined":{"minecraft:crafting_table":1,"minecraft:torch":1,"minecraft:granite":1,"minecraft:grass_block":9,"minecraft:sculk_sensor":1,"minecraft:cobblestone":2,"minecraft:wall_torch":1,"minecraft:spawner":2,"minecraft:furnace":5,"minecraft:cobbled_deepslate":1,"minecraft:fire":1,"minecraft:grass":2,"minecraft:coal_ore":10,"minecraft:oak_log":20,"minecraft:dirt":16,"minecraft:stone":40,"minecraft:oak_leaves":7,"minecraft:deepslate":3},"minecraft:killed":{"minecraft:pig":4,"minecraft:creeper":1,"minecraft:skeleton":1,"alexsmobs:terrapin":1},"minecraft:used":{"minecraft:stone_sword":20,"minecraft:stone_pickaxe":66,"minecraft:wooden_pickaxe":20,"minecraft:torch":89,"minecraft:dirt":25,"justhammers:diamond_hammer":327,"minecraft:crafting_table":4,"justhammers:gold_hammer":100,"minecraft:tuff":1,"minecraft:granite":15,"justhammers:iron_hammer":131,"justhammers:stone_hammer":297,"minecraft:stone_axe":24,"minecraft:cobblestone":16,"minecraft:furnace":6,"minecraft:cooked_porkchop":6,"tombstone:gift":2,"alexsmobs:animal_dictionary":16,"minecraft:cobbled_deepslate":100},"minecraft:crafted":{"minecraft:oak_planks":76,"minecraft:cooked_porkchop":8,"minecraft:crafting_table":3,"minecraft:wooden_pickaxe":1,"minecraft:furnace":1,"minecraft:stone":49,"justhammers:gold_hammer":2,"minecraft:stone_axe":1,"minecraft:air":0,"justhammers:iron_hammer":1,"justhammers:stone_hammer":5,"minecraft:stick":52,"minecraft:iron_ingot":6,"minecraft:stone_pickaxe":1,"justhammers:diamond_hammer":1,"minecraft:stone_sword":1,"minecraft:gold_ingot":6,"minecraft:torch":72}},"DataVersion":3120}