{"stats":{"minecraft:picked_up":{"minecraft:crafting_table":3,"minecraft:wheat":2,"minecraft:andesite":31,"minecraft:leather":2,"alexsmobs:bear_fur":1,"alexsmobs:bison_fur":2,"justhammers:gold_hammer":1,"minecraft:tuff":506,"minecraft:oak_log":34,"minecraft:gunpowder":2,"minecraft:lapis_lazuli":26,"minecraft:string":3,"minecraft:dirt":37,"minecraft:moss_carpet":8,"minecraft:bone":1,"minecraft:wheat_seeds":6,"minecraft:apple":1,"alexsmobs:cockroach_wing_fragment":1,"minecraft:cobbled_deepslate":1760,"minecraft:raw_gold":53,"minecraft:beef":20,"minecraft:rose_bush":1,"minecraft:azalea":4,"minecraft:moss_block":2,"minecraft:flowering_azalea":2,"minecraft:furnace":10,"minecraft:stick":3,"minecraft:raw_iron":36,"minecraft:stone":6,"minecraft:cooked_porkchop":2,"minecraft:torch":7,"minecraft:porkchop":27,"minecraft:white_bed":2,"tombstone:grave_dust":1,"minecraft:diorite":28,"minecraft:spider_eye":1,"minecraft:redstone":22,"justhammers:diamond_hammer":1,"minecraft:arrow":2,"minecraft:diamond":12,"minecraft:granite":107,"minecraft:mutton":8,"minecraft:white_wool":6,"minecraft:netherrack":4,"minecraft:oak_sapling":8,"minecraft:black_wool":1,"minecraft:obsidian":22,"minecraft:coal":268,"minecraft:rail":3,"minecraft:cobblestone":481},"minecraft:custom":{"minecraft:interact_with_furnace":81,"minecraft:mob_kills":29,"minecraft:interact_with_crafting_table":31,"minecraft:time_since_death":22969,"minecraft:time_since_rest":20570,"minecraft:sprint_one_cm":300830,"minecraft:damage_taken":2856,"minecraft:walk_one_cm":207575,"tombstone:sneak_grave":1,"minecraft:drop":85,"minecraft:damage_dealt":3999,"minecraft:swim_one_cm":36375,"minecraft:fly_one_cm":312297,"minecraft:open_chest":2,"minecraft:crouch_one_cm":4028,"minecraft:play_time":130966,"tombstone:undead_killed":1,"minecraft:deaths":2,"minecraft:sneak_time":3807,"minecraft:walk_under_water_one_cm":15278,"minecraft:jump":2505,"minecraft:walk_on_water_one_cm":21887,"minecraft:total_world_time":130966,"minecraft:fall_one_cm":72892},"minecraft:dropped":{"justhammers:diamond_hammer":1,"minecraft:stone_axe":1,"minecraft:wheat_seeds":6,"minecraft:stone_sword":1,"minecraft:cobbled_deepslate":1421,"minecraft:tuff":466,"minecraft:cooked_porkchop":2,"minecraft:wheat":3,"minecraft:cobblestone":84,"minecraft:oak_planks":1,"minecraft:granite":72,"justhammers:gold_hammer":3,"minecraft:rail":3,"minecraft:stick":1,"justhammers:stone_hammer":2,"minecraft:diorite":28,"alexsmobs:cockroach_wing_fragment":1,"minecraft:andesite":8,"minecraft:rose_bush":1,"minecraft:oak_sapling":5,"minecraft:spider_eye":1,"minecraft:stone_pickaxe":1,"minecraft:netherrack":4,"minecraft:black_wool":1},"minecraft:broken":{"justhammers:stone_hammer":1,"justhammers:iron_hammer":1},"minecraft:mined":{"minecraft:white_bed":2,"minecraft:flowering_azalea":2,"minecraft:crafting_table":3,"minecraft:torch":1,"minecraft:granite":21,"minecraft:grass_block":13,"minecraft:sculk_sensor":1,"minecraft:cobblestone":3,"minecraft:moss_block":4,"minecraft:wall_torch":1,"minecraft:spawner":2,"minecraft:furnace":11,"minecraft:cobbled_deepslate":1,"minecraft:fire":1,"minecraft:andesite":12,"minecraft:moss_carpet":1,"minecraft:grass":3,"minecraft:coal_ore":10,"minecraft:oak_log":33,"minecraft:dirt":24,"minecraft:azalea":2,"minecraft:stone":72,"minecraft:oak_leaves":12,"minecraft:deepslate":12},"minecraft:killed":{"minecraft:pig":12,"alexsmobs:grizzly_bear":1,"minecraft:spider":2,"minecraft:creeper":1,"minecraft:sheep":6,"minecraft:skeleton":1,"alexsmobs:terrapin":1,"alexsmobs:bison":2,"minecraft:cow":3},"minecraft:used":{"minecraft:azalea":1,"minecraft:stone_sword":20,"minecraft:stone_pickaxe":66,"minecraft:wooden_pickaxe":20,"minecraft:iron_sword":6,"minecraft:torch":91,"minecraft:dirt":37,"justhammers:diamond_hammer":397,"minecraft:crafting_table":6,"minecraft:white_bed":2,"justhammers:gold_hammer":100,"minecraft:tuff":45,"minecraft:granite":35,"justhammers:iron_hammer":131,"minecraft:apple":1,"minecraft:iron_axe":54,"minecraft:bread":2,"minecraft:iron_pickaxe":81,"justhammers:stone_hammer":297,"minecraft:stone_axe":24,"minecraft:cobblestone":25,"minecraft:oak_sapling":2,"minecraft:furnace":12,"minecraft:cooked_porkchop":14,"minecraft:andesite":23,"tombstone:gift":4,"alexsmobs:animal_dictionary":20,"minecraft:cobbled_deepslate":266,"minecraft:iron_leggings":1},"minecraft:killed_by":{"minecraft:creeper":1,"minecraft:drowned":1},"minecraft:crafted":{"minecraft:oak_planks":136,"minecraft:cooked_porkchop":12,"minecraft:crafting_table":4,"minecraft:wooden_pickaxe":1,"minecraft:iron_sword":1,"minecraft:furnace":2,"sophisticatedbackpacks:gold_backpack":1,"minecraft:stone":49,"justhammers:gold_hammer":2,"minecraft:stone_axe":1,"minecraft:bread":2,"minecraft:air":0,"justhammers:iron_hammer":1,"minecraft:iron_boots":1,"justhammers:stone_hammer":5,"minecraft:iron_axe":1,"minecraft:stick":64,"minecraft:iron_pickaxe":1,"minecraft:iron_ingot":34,"minecraft:stone_pickaxe":1,"justhammers:diamond_hammer":1,"minecraft:stone_sword":1,"minecraft:iron_leggings":1,"minecraft:gold_ingot":16,"minecraft:white_bed":1,"minecraft:torch":108,"sophisticatedbackpacks:iron_backpack":1}},"DataVersion":3120}