{"stats":{"minecraft:picked_up":{"minecraft:crafting_table":5,"minecraft:wheat":2,"justhammers:gold_hammer":1,"minecraft:string":3,"minecraft:moss_carpet":8,"minecraft:cobbled_deepslate":1762,"minecraft:beef":20,"minecraft:rose_bush":1,"minecraft:azalea":4,"minecraft:furnace":11,"minecraft:raw_iron":47,"minecraft:stick":3,"minecraft:stone":6,"minecraft:torch":7,"minecraft:porkchop":27,"minecraft:diorite":28,"tombstone:grave_dust":1,"minecraft:redstone":22,"minecraft:dark_oak_planks":1,"minecraft:arrow":2,"minecraft:hay_block":2,"minecraft:obsidian":22,"minecraft:mutton":12,"minecraft:cobblestone":875,"minecraft:rail":3,"minecraft:white_wool":6,"minecraft:andesite":54,"minecraft:leather":2,"alexsmobs:bear_fur":1,"alexsmobs:bison_fur":2,"minecraft:tuff":506,"minecraft:oak_log":34,"minecraft:gunpowder":2,"minecraft:lapis_lazuli":26,"minecraft:dirt":40,"minecraft:cooked_mutton":1,"minecraft:bone":1,"minecraft:apple":1,"minecraft:wheat_seeds":6,"minecraft:raw_gold":53,"alexsmobs:cockroach_wing_fragment":1,"minecraft:moss_block":2,"minecraft:flowering_azalea":2,"minecraft:cooked_porkchop":2,"minecraft:dripstone_block":8,"minecraft:gravel":4,"minecraft:white_bed":6,"justhammers:diamond_hammer":1,"minecraft:spider_eye":1,"minecraft:diamond":12,"minecraft:granite":117,"minecraft:oak_sapling":8,"minecraft:black_wool":1,"minecraft:netherrack":4,"minecraft:coal":316},"minecraft:custom":{"minecraft:mob_kills":31,"minecraft:interact_with_crafting_table":36,"minecraft:time_since_death":58969,"minecraft:sprint_one_cm":338850,"minecraft:walk_one_cm":244948,"minecraft:drop":89,"minecraft:talked_to_villager":1,"minecraft:play_time":166966,"minecraft:deaths":2,"minecraft:sneak_time":5236,"minecraft:walk_under_water_one_cm":15758,"minecraft:jump":2979,"minecraft:walk_on_water_one_cm":24382,"minecraft:total_world_time":166966,"minecraft:interact_with_furnace":96,"tombstone:raider_killed":2,"minecraft:interact_with_cartography_table":1,"minecraft:time_since_rest":56570,"minecraft:damage_taken":4031,"tombstone:sneak_grave":1,"minecraft:damage_dealt":4699,"minecraft:swim_one_cm":40881,"minecraft:fly_one_cm":376756,"minecraft:open_chest":9,"minecraft:crouch_one_cm":6956,"tombstone:undead_killed":1,"minecraft:interact_with_smoker":7,"minecraft:fall_one_cm":100879},"minecraft:dropped":{"justhammers:diamond_hammer":1,"minecraft:wheat_seeds":6,"minecraft:dripstone_block":3,"minecraft:cooked_porkchop":2,"minecraft:cobblestone":99,"minecraft:granite":72,"minecraft:rail":3,"minecraft:stick":1,"minecraft:diorite":28,"minecraft:rose_bush":1,"minecraft:gravel":1,"minecraft:stone_axe":1,"minecraft:stone_sword":1,"minecraft:cobbled_deepslate":1423,"minecraft:tuff":466,"minecraft:wheat":3,"minecraft:oak_planks":1,"justhammers:gold_hammer":3,"justhammers:stone_hammer":2,"alexsmobs:cockroach_wing_fragment":1,"minecraft:andesite":8,"minecraft:oak_sapling":5,"minecraft:spider_eye":1,"minecraft:stone_pickaxe":1,"minecraft:netherrack":4,"minecraft:black_wool":1},"minecraft:broken":{"justhammers:gold_hammer":2,"justhammers:iron_hammer":1,"justhammers:stone_hammer":1},"minecraft:mined":{"minecraft:dark_oak_planks":1,"minecraft:white_bed":7,"minecraft:granite":21,"minecraft:grass_block":15,"minecraft:moss_block":4,"minecraft:spawner":2,"minecraft:hay_block":2,"minecraft:furnace":13,"minecraft:fire":1,"minecraft:cobbled_deepslate":3,"minecraft:andesite":12,"minecraft:moss_carpet":1,"minecraft:packed_ice":2,"minecraft:azalea":2,"minecraft:stone":76,"minecraft:flowering_azalea":2,"minecraft:powder_snow":5,"minecraft:crafting_table":5,"minecraft:torch":1,"minecraft:sculk_sensor":1,"minecraft:cobblestone":4,"minecraft:wall_torch":1,"minecraft:grass":3,"minecraft:oak_log":33,"minecraft:coal_ore":10,"minecraft:gravel":4,"minecraft:dirt":25,"minecraft:oak_leaves":12,"minecraft:deepslate":12},"minecraft:killed":{"minecraft:spider":2,"minecraft:skeleton":1,"alexsmobs:bison":2,"minecraft:pig":12,"alexsmobs:grizzly_bear":1,"minecraft:creeper":1,"minecraft:sheep":6,"minecraft:pillager":2,"alexsmobs:terrapin":1,"minecraft:cow":3},"minecraft:used":{"minecraft:azalea":1,"minecraft:stone_sword":20,"minecraft:chest":1,"minecraft:iron_sword":22,"minecraft:torch":94,"minecraft:dirt":38,"justhammers:gold_hammer":208,"minecraft:tuff":45,"minecraft:granite":36,"minecraft:dark_oak_planks":1,"minecraft:iron_axe":58,"minecraft:furnace":15,"minecraft:oak_sapling":2,"tombstone:gift":4,"minecraft:cobbled_deepslate":362,"minecraft:iron_leggings":1,"minecraft:cooked_mutton":4,"minecraft:oak_planks":1,"minecraft:stone_pickaxe":66,"minecraft:wooden_pickaxe":20,"minecraft:crafting_table":9,"justhammers:diamond_hammer":423,"minecraft:white_bed":5,"justhammers:iron_hammer":131,"minecraft:apple":1,"minecraft:bread":2,"minecraft:iron_pickaxe":93,"justhammers:stone_hammer":297,"minecraft:stone_axe":24,"minecraft:cobblestone":80,"minecraft:cooked_porkchop":14,"minecraft:andesite":23,"alexsmobs:animal_dictionary":20},"minecraft:killed_by":{"minecraft:creeper":1,"minecraft:drowned":1},"minecraft:crafted":{"minecraft:oak_planks":136,"minecraft:furnace":3,"minecraft:stone":49,"sophisticatedbackpacks:crafting_upgrade":1,"minecraft:cooked_mutton":3,"minecraft:iron_boots":1,"minecraft:iron_axe":1,"justhammers:diamond_hammer":1,"minecraft:stone_pickaxe":1,"minecraft:chest":2,"sophisticatedbackpacks:iron_backpack":1,"minecraft:cooked_porkchop":23,"minecraft:crafting_table":6,"minecraft:wooden_pickaxe":1,"minecraft:iron_sword":1,"justhammers:gold_hammer":2,"sophisticatedbackpacks:gold_backpack":1,"minecraft:stone_axe":1,"sophisticatedbackpacks:upgrade_base":1,"minecraft:bread":2,"minecraft:air":0,"justhammers:iron_hammer":1,"justhammers:stone_hammer":5,"minecraft:stick":64,"minecraft:iron_ingot":35,"minecraft:iron_pickaxe":1,"minecraft:stone_sword":1,"minecraft:gold_ingot":30,"minecraft:iron_leggings":1,"minecraft:white_bed":1,"minecraft:torch":108}},"DataVersion":3120}