{"stats":{"minecraft:picked_up":{"minecraft:crafting_table":1,"minecraft:andesite":1,"justhammers:gold_hammer":1,"minecraft:tuff":394,"minecraft:oak_log":19,"minecraft:lapis_lazuli":19,"minecraft:dirt":25,"minecraft:bone":1,"minecraft:cobbled_deepslate":1366,"minecraft:raw_gold":6,"minecraft:furnace":4,"minecraft:raw_iron":7,"minecraft:stone":6,"minecraft:torch":5,"minecraft:porkchop":8,"minecraft:diorite":3,"minecraft:redstone":22,"minecraft:arrow":2,"minecraft:diamond":12,"minecraft:granite":87,"minecraft:oak_sapling":1,"minecraft:coal":107,"minecraft:cobblestone":379},"minecraft:custom":{"minecraft:interact_with_furnace":33,"minecraft:mob_kills":6,"minecraft:interact_with_crafting_table":15,"minecraft:time_since_death":52966,"minecraft:time_since_rest":52966,"minecraft:sprint_one_cm":63862,"minecraft:damage_taken":260,"minecraft:walk_one_cm":94003,"minecraft:drop":41,"minecraft:damage_dealt":720,"minecraft:swim_one_cm":15564,"minecraft:fly_one_cm":66097,"minecraft:open_chest":1,"minecraft:crouch_one_cm":2385,"minecraft:play_time":52966,"tombstone:undead_killed":1,"minecraft:sneak_time":2206,"minecraft:walk_under_water_one_cm":8539,"minecraft:jump":510,"minecraft:walk_on_water_one_cm":9193,"minecraft:total_world_time":52966,"minecraft:fall_one_cm":9809},"minecraft:dropped":{"minecraft:cobbled_deepslate":1127,"minecraft:tuff":335,"minecraft:cobblestone":64,"minecraft:oak_planks":1,"minecraft:granite":72,"justhammers:gold_hammer":3,"justhammers:stone_hammer":2,"minecraft:diorite":3,"minecraft:andesite":1},"minecraft:broken":{"justhammers:stone_hammer":1,"justhammers:iron_hammer":1},"minecraft:mined":{"minecraft:crafting_table":1,"minecraft:granite":1,"minecraft:grass_block":9,"minecraft:sculk_sensor":1,"minecraft:cobblestone":2,"minecraft:furnace":4,"minecraft:fire":1,"minecraft:grass":2,"minecraft:coal_ore":10,"minecraft:oak_log":20,"minecraft:dirt":16,"minecraft:stone":40,"minecraft:oak_leaves":7},"minecraft:killed":{"minecraft:pig":4,"minecraft:skeleton":1,"alexsmobs:terrapin":1},"minecraft:used":{"minecraft:stone_sword":16,"minecraft:stone_pickaxe":61,"minecraft:wooden_pickaxe":20,"minecraft:torch":49,"minecraft:dirt":25,"justhammers:diamond_hammer":180,"minecraft:crafting_table":3,"justhammers:gold_hammer":100,"minecraft:granite":15,"justhammers:iron_hammer":131,"justhammers:stone_hammer":275,"minecraft:stone_axe":24,"minecraft:cobblestone":16,"minecraft:furnace":4,"minecraft:cooked_porkchop":4,"alexsmobs:animal_dictionary":16,"minecraft:cobbled_deepslate":34},"minecraft:crafted":{"minecraft:oak_planks":76,"minecraft:cooked_porkchop":8,"minecraft:crafting_table":2,"minecraft:wooden_pickaxe":1,"minecraft:furnace":1,"minecraft:stone":49,"justhammers:gold_hammer":2,"minecraft:stone_axe":1,"minecraft:air":0,"justhammers:iron_hammer":1,"justhammers:stone_hammer":5,"minecraft:stick":52,"minecraft:iron_ingot":4,"minecraft:stone_pickaxe":1,"justhammers:diamond_hammer":1,"minecraft:stone_sword":1,"minecraft:gold_ingot":6,"minecraft:torch":56}},"DataVersion":3120}