{"stats":{"minecraft:picked_up":{"minecraft:raw_iron":6,"minecraft:crafting_table":1,"minecraft:andesite":1,"minecraft:torch":1,"minecraft:porkchop":8,"minecraft:tuff":190,"minecraft:oak_log":19,"minecraft:diorite":3,"minecraft:dirt":25,"minecraft:arrow":2,"minecraft:bone":1,"minecraft:diamond":4,"minecraft:cobbled_deepslate":310,"minecraft:raw_gold":6,"minecraft:granite":87,"minecraft:oak_sapling":1,"minecraft:coal":97,"minecraft:cobblestone":361,"minecraft:furnace":3},"minecraft:custom":{"minecraft:time_since_rest":40966,"minecraft:interact_with_furnace":25,"minecraft:sprint_one_cm":50319,"minecraft:damage_taken":250,"minecraft:walk_one_cm":64531,"minecraft:mob_kills":6,"minecraft:drop":12,"minecraft:damage_dealt":720,"minecraft:swim_one_cm":15564,"minecraft:interact_with_crafting_table":9,"minecraft:fly_one_cm":58120,"minecraft:open_chest":1,"minecraft:crouch_one_cm":2026,"minecraft:play_time":40966,"tombstone:undead_killed":1,"minecraft:sneak_time":1170,"minecraft:walk_under_water_one_cm":8539,"minecraft:jump":402,"minecraft:walk_on_water_one_cm":9193,"minecraft:time_since_death":40966,"minecraft:total_world_time":40966,"minecraft:fall_one_cm":7773},"minecraft:dropped":{"justhammers:stone_hammer":2,"minecraft:diorite":3,"minecraft:cobbled_deepslate":192,"minecraft:andesite":1,"minecraft:tuff":128,"minecraft:oak_planks":1,"minecraft:granite":72},"minecraft:mined":{"minecraft:furnace":3,"minecraft:fire":1,"minecraft:crafting_table":1,"minecraft:granite":1,"minecraft:grass":2,"minecraft:oak_log":20,"minecraft:grass_block":9,"minecraft:coal_ore":10,"minecraft:sculk_sensor":1,"minecraft:dirt":16,"minecraft:cobblestone":2,"minecraft:stone":40,"minecraft:oak_leaves":7},"minecraft:killed":{"minecraft:skeleton":1,"minecraft:pig":4,"alexsmobs:terrapin":1},"minecraft:used":{"minecraft:stone_sword":16,"minecraft:stone_pickaxe":61,"minecraft:wooden_pickaxe":20,"justhammers:stone_hammer":224,"minecraft:torch":33,"minecraft:stone_axe":24,"minecraft:dirt":25,"minecraft:cobblestone":16,"minecraft:crafting_table":3,"minecraft:furnace":4,"minecraft:cooked_porkchop":2,"alexsmobs:animal_dictionary":16,"minecraft:granite":15,"justhammers:iron_hammer":46},"minecraft:crafted":{"minecraft:oak_planks":76,"justhammers:iron_hammer":1,"minecraft:cooked_porkchop":8,"justhammers:stone_hammer":3,"minecraft:crafting_table":2,"minecraft:stick":32,"minecraft:gold_ingot":6,"minecraft:iron_ingot":4,"minecraft:wooden_pickaxe":1,"minecraft:stone_pickaxe":1,"minecraft:stone_sword":1,"minecraft:furnace":1,"minecraft:stone":9,"minecraft:torch":32,"minecraft:stone_axe":1,"minecraft:air":0}},"DataVersion":3120}