{"stats":{"minecraft:picked_up":{"minecraft:crafting_table":5,"minecraft:wheat":2,"justhammers:gold_hammer":1,"minecraft:string":7,"minecraft:moss_carpet":8,"minecraft:cobbled_deepslate":2048,"minecraft:beef":20,"minecraft:rose_bush":1,"minecraft:azalea":4,"minecraft:furnace":11,"minecraft:raw_iron":83,"minecraft:stick":3,"minecraft:stone":6,"minecraft:torch":11,"minecraft:porkchop":27,"minecraft:pointed_dripstone":10,"minecraft:diorite":60,"tombstone:grave_dust":1,"minecraft:redstone":44,"minecraft:dark_oak_planks":1,"minecraft:arrow":2,"minecraft:rotten_flesh":2,"minecraft:hay_block":2,"minecraft:obsidian":22,"minecraft:mutton":12,"minecraft:cobblestone":1060,"minecraft:rail":3,"minecraft:white_wool":6,"minecraft:andesite":77,"minecraft:leather":2,"alexsmobs:bear_fur":1,"alexsmobs:bison_fur":2,"minecraft:tuff":545,"minecraft:oak_log":39,"minecraft:gunpowder":2,"minecraft:lapis_lazuli":26,"minecraft:dirt":40,"minecraft:cooked_mutton":1,"minecraft:bone":1,"minecraft:apple":1,"minecraft:wheat_seeds":6,"minecraft:raw_gold":53,"alexsmobs:cockroach_wing_fragment":1,"minecraft:moss_block":2,"minecraft:flowering_azalea":2,"minecraft:cooked_porkchop":2,"minecraft:dripstone_block":16,"minecraft:gravel":8,"minecraft:white_bed":6,"justhammers:diamond_hammer":1,"minecraft:spider_eye":1,"minecraft:diamond":12,"minecraft:granite":142,"minecraft:oak_sapling":9,"minecraft:black_wool":1,"minecraft:netherrack":4,"minecraft:coal":320},"minecraft:custom":{"minecraft:mob_kills":37,"minecraft:interact_with_crafting_table":36,"minecraft:time_since_death":6552,"minecraft:sprint_one_cm":398238,"minecraft:walk_one_cm":294885,"minecraft:drop":121,"minecraft:talked_to_villager":1,"minecraft:play_time":202966,"minecraft:deaths":3,"minecraft:sneak_time":5872,"minecraft:walk_under_water_one_cm":16909,"minecraft:jump":3945,"minecraft:walk_on_water_one_cm":27296,"minecraft:total_world_time":202966,"minecraft:interact_with_furnace":104,"tombstone:raider_killed":2,"minecraft:interact_with_cartography_table":1,"minecraft:time_since_rest":6276,"minecraft:damage_taken":6038,"tombstone:sneak_grave":1,"minecraft:damage_dealt":5791,"minecraft:swim_one_cm":41443,"minecraft:fly_one_cm":475426,"minecraft:open_chest":11,"minecraft:crouch_one_cm":8251,"tombstone:undead_killed":3,"minecraft:interact_with_smoker":7,"minecraft:fall_one_cm":150136},"minecraft:dropped":{"justhammers:diamond_hammer":1,"minecraft:wheat_seeds":6,"minecraft:dripstone_block":6,"minecraft:cooked_porkchop":2,"minecraft:cobblestone":228,"minecraft:granite":84,"minecraft:rail":3,"minecraft:stick":1,"minecraft:diorite":58,"minecraft:rose_bush":1,"minecraft:gravel":8,"minecraft:stone_axe":1,"minecraft:stone_sword":1,"minecraft:cobbled_deepslate":1487,"minecraft:tuff":505,"minecraft:wheat":3,"minecraft:pointed_dripstone":8,"minecraft:oak_planks":2,"justhammers:gold_hammer":3,"justhammers:stone_hammer":2,"alexsmobs:cockroach_wing_fragment":1,"minecraft:andesite":54,"minecraft:oak_sapling":6,"minecraft:spider_eye":1,"minecraft:stone_pickaxe":1,"minecraft:netherrack":4,"minecraft:black_wool":1},"minecraft:broken":{"justhammers:gold_hammer":3,"justhammers:iron_hammer":1,"justhammers:stone_hammer":1},"minecraft:mined":{"minecraft:dark_oak_planks":1,"minecraft:white_bed":7,"minecraft:granite":21,"minecraft:grass_block":15,"minecraft:moss_block":4,"minecraft:spawner":2,"minecraft:hay_block":2,"minecraft:furnace":13,"minecraft:fire":1,"minecraft:cobbled_deepslate":3,"minecraft:andesite":12,"minecraft:moss_carpet":1,"minecraft:packed_ice":2,"minecraft:azalea":2,"minecraft:stone":76,"minecraft:flowering_azalea":2,"minecraft:powder_snow":5,"minecraft:crafting_table":5,"minecraft:torch":1,"minecraft:sculk_sensor":1,"minecraft:cobblestone":4,"minecraft:wall_torch":1,"minecraft:grass":3,"minecraft:oak_log":38,"minecraft:coal_ore":10,"minecraft:gravel":4,"minecraft:dirt":25,"minecraft:oak_leaves":13,"minecraft:deepslate":12},"minecraft:killed":{"minecraft:spider":6,"minecraft:skeleton":1,"alexsmobs:bison":2,"minecraft:pig":12,"alexsmobs:grizzly_bear":1,"minecraft:creeper":1,"minecraft:sheep":6,"minecraft:pillager":2,"minecraft:zombie":2,"alexsmobs:terrapin":1,"minecraft:cow":3},"minecraft:used":{"minecraft:azalea":1,"minecraft:stone_sword":20,"minecraft:chest":1,"minecraft:iron_sword":41,"minecraft:torch":122,"minecraft:dirt":40,"justhammers:gold_hammer":293,"minecraft:tuff":45,"minecraft:granite":45,"minecraft:dark_oak_planks":1,"minecraft:iron_axe":61,"minecraft:furnace":15,"minecraft:oak_sapling":2,"tombstone:gift":6,"minecraft:cobbled_deepslate":367,"minecraft:pointed_dripstone":2,"minecraft:iron_leggings":1,"minecraft:cooked_mutton":4,"minecraft:diorite":2,"minecraft:oak_planks":14,"minecraft:stone_pickaxe":66,"minecraft:wooden_pickaxe":20,"minecraft:crafting_table":9,"justhammers:diamond_hammer":491,"minecraft:white_bed":5,"minecraft:dripstone_block":10,"justhammers:iron_hammer":131,"minecraft:apple":1,"minecraft:bread":2,"minecraft:iron_pickaxe":93,"justhammers:stone_hammer":297,"minecraft:stone_axe":24,"minecraft:cobblestone":146,"minecraft:cooked_porkchop":21,"minecraft:andesite":23,"alexsmobs:animal_dictionary":21},"minecraft:killed_by":{"minecraft:creeper":2,"minecraft:drowned":1},"minecraft:crafted":{"minecraft:oak_planks":156,"minecraft:furnace":3,"minecraft:stone":49,"sophisticatedbackpacks:crafting_upgrade":1,"minecraft:cooked_mutton":3,"minecraft:iron_boots":1,"minecraft:iron_axe":1,"justhammers:diamond_hammer":1,"minecraft:stone_pickaxe":1,"minecraft:chest":2,"sophisticatedbackpacks:iron_backpack":1,"minecraft:cooked_porkchop":23,"minecraft:crafting_table":6,"minecraft:wooden_pickaxe":1,"minecraft:iron_sword":1,"justhammers:gold_hammer":2,"sophisticatedbackpacks:gold_backpack":1,"minecraft:stone_axe":1,"sophisticatedbackpacks:upgrade_base":1,"minecraft:bread":2,"minecraft:air":0,"justhammers:iron_hammer":1,"justhammers:stone_hammer":5,"minecraft:stick":64,"minecraft:iron_ingot":76,"minecraft:iron_pickaxe":1,"minecraft:stone_sword":1,"minecraft:gold_ingot":34,"minecraft:iron_leggings":1,"minecraft:white_bed":1,"minecraft:torch":108}},"DataVersion":3120}