{"stats":{"minecraft:mined":{"minecraft:birch_log":14,"minecraft:birch_leaves":1,"vct:birch_crafting_table":1,"minecraft:grass_block":5,"minecraft:dirt":14,"minecraft:stone":20,"minecraft:sugar_cane":4},"minecraft:custom":{"minecraft:time_since_rest":15043,"minecraft:sprint_one_cm":23412,"minecraft:damage_taken":20,"minecraft:walk_one_cm":14444,"minecraft:mob_kills":5,"minecraft:drop":3,"minecraft:damage_dealt":240,"minecraft:interact_with_crafting_table":2,"minecraft:swim_one_cm":9557,"minecraft:fly_one_cm":43165,"minecraft:crouch_one_cm":260,"minecraft:play_time":15043,"minecraft:sneak_time":363,"minecraft:walk_under_water_one_cm":2490,"minecraft:jump":198,"minecraft:leave_game":2,"minecraft:time_since_death":15043,"minecraft:walk_on_water_one_cm":1926,"minecraft:total_world_time":15043,"minecraft:fall_one_cm":3201},"minecraft:killed":{"minecraft:salmon":5},"minecraft:crafted":{"minecraft:stick":8,"vct:birch_crafting_table":1,"minecraft:wooden_pickaxe":1,"minecraft:stone_pickaxe":1,"minecraft:birch_planks":52,"minecraft:stone_axe":1},"minecraft:dropped":{"minecraft:bread":1,"minecraft:dirt":1,"minecraft:wooden_pickaxe":1},"minecraft:picked_up":{"minecraft:birch_log":13,"minecraft:salmon":5,"minecraft:birch_planks":17,"minecraft:dirt":20,"vct:birch_crafting_table":1,"minecraft:sugar_cane":12,"minecraft:cobblestone":20},"minecraft:used":{"vct:birch_crafting_table":1,"minecraft:bread":2,"minecraft:wooden_pickaxe":27,"minecraft:stone_axe":14,"minecraft:dirt":9}},"DataVersion":3120}