{"stats":{"minecraft:used":{"minecraft:netherite_sword":3,"minecraft:bread":6,"ecologics:coconut_slice":10,"minecraft:wooden_sword":10,"ecologics:seashell":1},"minecraft:mined":{"ecologics:seashell":2,"minecraft:grass":20,"minecraft:grass_block":1,"minecraft:tall_grass":6},"minecraft:picked_up":{"minecraft:wooden_axe":1,"minecraft:leather_chestplate":1,"ecologics:coconut_slice":10,"minecraft:leather_leggings":1,"minecraft:wooden_pickaxe":1,"ecologics:seashell":2,"sophisticatedbackpacks:backpack":1,"mysticalagriculture:awakened_supremium_chestplate":1,"mysticalagriculture:awakened_supremium_boots":1,"minecraft:dirt":1,"minecraft:leather_helmet":1,"minecraft:wooden_sword":1,"minecraft:leather_boots":1,"minecraft:rotten_flesh":1,"minecraft:wheat_seeds":1,"mysticalagriculture:inferium_essence":1,"mysticalagriculture:awakened_supremium_helmet":1,"minecraft:bread":25,"mysticalagriculture:awakened_supremium_leggings":1,"ecologics:crab_claw":1},"minecraft:killed_by":{"minecraft:player":2,"naturalist:lion":1},"minecraft:custom":{"minecraft:time_since_rest":5954,"minecraft:sprint_one_cm":124681,"minecraft:damage_taken":1523,"minecraft:walk_one_cm":59528,"minecraft:mob_kills":2,"minecraft:drop":1,"minecraft:damage_dealt":580,"minecraft:interact_with_crafting_table":2,"minecraft:fly_one_cm":273269,"minecraft:open_shulker_box":3,"minecraft:crouch_one_cm":1215,"minecraft:play_time":41964,"minecraft:deaths":3,"minecraft:sneak_time":585,"minecraft:jump":1029,"minecraft:leave_game":1,"minecraft:time_since_death":5687,"minecraft:total_world_time":41964,"minecraft:fall_one_cm":31441},"minecraft:dropped":{"minecraft:bread":1},"minecraft:killed":{"naturalist:lion":1}},"DataVersion":3120}