{"stats":{"minecraft:mined":{"minecraft:grass":4},"minecraft:killed_by":{"naturalist:lion":1},"minecraft:custom":{"minecraft:jump":164,"minecraft:time_since_rest":2673,"minecraft:damage_dealt":30,"minecraft:crouch_one_cm":16,"minecraft:deaths":1,"minecraft:sprint_one_cm":20260,"minecraft:play_time":5845,"minecraft:damage_taken":200,"minecraft:time_since_death":2642,"minecraft:walk_one_cm":10932,"minecraft:sneak_time":75,"minecraft:total_world_time":5845,"minecraft:fall_one_cm":3971,"minecraft:fly_one_cm":42382}},"DataVersion":3120}