{"stats":{"minecraft:picked_up":{"minecraft:birch_log":11,"minecraft:crafting_table":7,"minecraft:cooked_beef":4,"minecraft:feather":1,"minecraft:chicken":2,"minecraft:andesite":13,"minecraft:leather":17,"minecraft:birch_planks":2,"minecraft:oak_log":25,"minecraft:gunpowder":3,"minecraft:string":4,"minecraft:dirt":18,"minecraft:raw_copper":16,"minecraft:iron_shovel":1,"minecraft:bone":4,"minecraft:apple":3,"minecraft:wheat_seeds":1,"alexsmobs:cockroach_wing_fragment":1,"minecraft:cobbled_deepslate":80,"minecraft:raw_gold":4,"minecraft:iron_ingot":3,"minecraft:beef":62,"minecraft:sugar_cane":23,"minecraft:chest":1,"minecraft:furnace":9,"minecraft:book":24,"minecraft:raw_iron":60,"minecraft:stick":5,"minecraft:cooked_porkchop":1,"minecraft:gravel":1,"alexsmobs:crocodile_egg":1,"minecraft:torch":35,"minecraft:porkchop":20,"minecraft:diorite":14,"minecraft:mossy_cobblestone":1,"minecraft:orange_bed":1,"minecraft:arrow":1,"minecraft:rotten_flesh":2,"minecraft:diamond":7,"minecraft:granite":9,"tombstone:magic_scroll":1,"minecraft:oak_sapling":18,"minecraft:mutton":2,"minecraft:coal":166,"minecraft:white_wool":2,"minecraft:cobblestone":94},"minecraft:custom":{"minecraft:interact_with_furnace":42,"minecraft:mob_kills":44,"minecraft:interact_with_crafting_table":18,"minecraft:time_since_death":76827,"minecraft:time_since_rest":75301,"minecraft:sprint_one_cm":419462,"minecraft:damage_taken":1752,"minecraft:walk_one_cm":148212,"minecraft:drop":29,"minecraft:damage_dealt":5663,"minecraft:swim_one_cm":15878,"minecraft:fly_one_cm":643516,"minecraft:open_chest":5,"minecraft:crouch_one_cm":19477,"minecraft:play_time":129095,"tombstone:undead_killed":6,"minecraft:deaths":1,"minecraft:sneak_time":10657,"minecraft:walk_under_water_one_cm":4055,"minecraft:jump":7048,"minecraft:walk_on_water_one_cm":10413,"minecraft:total_world_time":129095,"minecraft:fall_one_cm":87365},"minecraft:dropped":{"minecraft:stone_axe":1,"minecraft:wheat_seeds":1,"minecraft:birch_planks":1,"minecraft:raw_copper":8,"minecraft:stone_shovel":1,"minecraft:rotten_flesh":3,"minecraft:book":12,"minecraft:dirt":14,"minecraft:gunpowder":2,"alexsmobs:cockroach_wing_fragment":1,"minecraft:oak_sapling":18,"minecraft:wooden_shovel":1,"minecraft:wooden_pickaxe":1,"minecraft:string":4},"minecraft:broken":{"minecraft:stone_pickaxe":1},"minecraft:mined":{"minecraft:diamond_ore":3,"minecraft:mossy_cobblestone":1,"minecraft:deepslate_diamond_ore":4,"minecraft:powder_snow":2,"minecraft:brewing_stand":1,"minecraft:crafting_table":7,"minecraft:torch":6,"minecraft:granite":9,"minecraft:grass_block":6,"minecraft:tall_grass":1,"minecraft:cobblestone":5,"minecraft:copper_ore":2,"minecraft:spruce_leaves":2,"minecraft:deepslate_gold_ore":4,"minecraft:sugar_cane":13,"minecraft:diorite":14,"minecraft:wall_torch":4,"minecraft:birch_planks":1,"minecraft:furnace":9,"minecraft:birch_log":11,"minecraft:iron_ore":18,"minecraft:cobbled_deepslate":1,"minecraft:andesite":13,"minecraft:birch_leaves":7,"minecraft:bookshelf":4,"minecraft:grass":26,"minecraft:oak_log":25,"minecraft:coal_ore":48,"minecraft:deepslate_iron_ore":44,"minecraft:gravel":1,"minecraft:dirt":6,"minecraft:stone":75,"minecraft:gold_ore":1,"minecraft:deepslate":35,"minecraft:oak_leaves":9,"minecraft:orange_bed":1},"minecraft:killed":{"minecraft:pig":10,"minecraft:creeper":1,"minecraft:horse":1,"minecraft:skeleton":2,"minecraft:sheep":2,"alexsmobs:crocodile":1,"alexsmobs:cockroach":1,"minecraft:zombie":4,"minecraft:chicken":2,"minecraft:cow":20},"minecraft:used":{"minecraft:cooked_mutton":2,"minecraft:diorite":14,"minecraft:birch_planks":10,"minecraft:stone_shovel":2,"minecraft:stone_pickaxe":135,"minecraft:oak_planks":13,"minecraft:wooden_pickaxe":14,"minecraft:iron_sword":22,"minecraft:wooden_shovel":6,"minecraft:cooked_chicken":2,"minecraft:iron_chestplate":1,"minecraft:torch":22,"minecraft:dirt":4,"minecraft:crafting_table":9,"tombstone:tablet_of_home":3,"minecraft:granite":9,"minecraft:wooden_axe":1,"minecraft:apple":3,"minecraft:bread":2,"minecraft:iron_axe":49,"minecraft:iron_pickaxe":143,"tombstone:magic_scroll":1,"minecraft:stone_axe":57,"minecraft:cobblestone":39,"minecraft:furnace":9,"minecraft:cooked_porkchop":13,"minecraft:bucket":1,"minecraft:andesite":12,"tombstone:gift":2,"alexsmobs:animal_dictionary":30,"minecraft:cooked_beef":6,"minecraft:cobbled_deepslate":29},"minecraft:crafted":{"minecraft:cooked_beef":6,"minecraft:oak_planks":100,"minecraft:wooden_shovel":1,"minecraft:stone_shovel":1,"sophisticatedbackpacks:backpack":1,"minecraft:cooked_porkchop":12,"minecraft:crafting_table":18,"minecraft:cooked_chicken":2,"minecraft:wooden_pickaxe":1,"minecraft:iron_helmet":1,"minecraft:iron_sword":1,"minecraft:furnace":8,"minecraft:birch_planks":44,"minecraft:stone_axe":1,"minecraft:cooked_mutton":2,"minecraft:air":0,"minecraft:iron_chestplate":1,"minecraft:iron_axe":1,"minecraft:stick":28,"minecraft:iron_ingot":34,"minecraft:iron_pickaxe":2,"minecraft:stone_pickaxe":1,"minecraft:wooden_axe":1,"minecraft:chest":1,"minecraft:iron_shovel":1,"minecraft:iron_leggings":1,"minecraft:torch":32}},"DataVersion":3120}