{"stats":{"minecraft:dropped":{"minecraft:iron_sword":1,"minecraft:birch_planks":1,"minecraft:wheat_seeds":2,"minecraft:book":12,"minecraft:dirt":14,"tombstone:grave_dust":1,"minecraft:iron_pickaxe":1,"minecraft:string":4,"minecraft:stone_axe":1,"minecraft:raw_copper":8,"minecraft:pointed_dripstone":3,"minecraft:stone_shovel":1,"minecraft:rotten_flesh":4,"alexsmobs:cockroach_wing_fragment":1,"minecraft:gunpowder":2,"minecraft:andesite":6,"minecraft:oak_sapling":23,"minecraft:wooden_shovel":1,"minecraft:wooden_pickaxe":1},"minecraft:mined":{"minecraft:diamond_ore":3,"minecraft:tuff":5,"minecraft:white_bed":2,"minecraft:mossy_cobblestone":1,"minecraft:deepslate_diamond_ore":16,"minecraft:brewing_stand":1,"minecraft:granite":9,"minecraft:grass_block":7,"minecraft:spruce_leaves":2,"minecraft:furnace":18,"minecraft:iron_ore":90,"minecraft:cobbled_deepslate":2,"minecraft:andesite":19,"minecraft:deepslate_lapis_ore":7,"minecraft:bookshelf":4,"minecraft:pointed_dripstone":1,"minecraft:deepslate_iron_ore":63,"minecraft:stone":95,"minecraft:orange_bed":1,"minecraft:deepslate_redstone_ore":1,"minecraft:powder_snow":4,"minecraft:crafting_table":10,"minecraft:torch":13,"minecraft:emerald_ore":1,"minecraft:tall_grass":2,"minecraft:copper_ore":2,"minecraft:cobblestone":7,"minecraft:lapis_ore":3,"minecraft:deepslate_gold_ore":9,"minecraft:sugar_cane":22,"minecraft:oak_planks":2,"minecraft:diorite":14,"minecraft:wall_torch":12,"minecraft:birch_planks":1,"minecraft:birch_log":11,"minecraft:birch_leaves":8,"minecraft:grass":51,"minecraft:oak_log":56,"minecraft:coal_ore":70,"minecraft:gravel":3,"minecraft:dirt":6,"minecraft:gold_ore":2,"minecraft:deepslate_emerald_ore":1,"minecraft:oak_leaves":27,"minecraft:deepslate":59},"minecraft:crafted":{"minecraft:oak_planks":220,"minecraft:stone_shovel":1,"minecraft:cooked_chicken":2,"minecraft:furnace":8,"minecraft:cooked_mutton":6,"minecraft:iron_axe":1,"minecraft:stone_pickaxe":1,"minecraft:chest":1,"minecraft:oak_button":1,"minecraft:cooked_beef":36,"minecraft:wooden_shovel":1,"sophisticatedbackpacks:backpack":1,"minecraft:cooked_porkchop":22,"minecraft:crafting_table":18,"minecraft:wooden_pickaxe":1,"minecraft:iron_helmet":1,"minecraft:iron_sword":1,"minecraft:birch_planks":44,"minecraft:stone_axe":1,"minecraft:air":0,"minecraft:iron_chestplate":1,"minecraft:stick":72,"minecraft:iron_pickaxe":3,"minecraft:iron_ingot":37,"minecraft:wooden_axe":1,"minecraft:iron_shovel":1,"minecraft:iron_leggings":1,"minecraft:white_bed":1,"minecraft:torch":80},"minecraft:used":{"minecraft:stone_shovel":2,"minecraft:iron_sword":121,"minecraft:wooden_shovel":6,"minecraft:cooked_chicken":2,"minecraft:iron_chestplate":1,"minecraft:torch":45,"minecraft:dirt":4,"minecraft:tuff":3,"minecraft:granite":9,"minecraft:wooden_axe":1,"minecraft:iron_axe":140,"minecraft:furnace":18,"tombstone:gift":6,"minecraft:cooked_beef":10,"minecraft:cobbled_deepslate":53,"minecraft:cooked_mutton":3,"minecraft:water_bucket":16,"minecraft:diorite":14,"minecraft:birch_planks":10,"minecraft:stone_pickaxe":135,"minecraft:oak_planks":79,"minecraft:wooden_pickaxe":14,"minecraft:crafting_table":13,"minecraft:white_bed":2,"tombstone:tablet_of_home":3,"minecraft:apple":3,"minecraft:bread":12,"minecraft:iron_pickaxe":357,"tombstone:magic_scroll":1,"minecraft:stone_axe":57,"minecraft:cobblestone":52,"minecraft:cooked_porkchop":23,"minecraft:andesite":12,"minecraft:bucket":17,"alexsmobs:animal_dictionary":30},"minecraft:killed_by":{"minecraft:zombie":1},"minecraft:killed":{"endofherobrine:zombie":1,"minecraft:spider":2,"minecraft:skeleton":10,"minecraft:horse":1,"minecraft:chicken":2,"minecraft:pig":12,"minecraft:creeper":1,"minecraft:sheep":5,"minecraft:zombie":15,"alexsmobs:crocodile":1,"alexsmobs:cockroach":1,"minecraft:cow":35},"minecraft:broken":{"minecraft:stone_pickaxe":1,"minecraft:iron_pickaxe":1},"minecraft:custom":{"minecraft:mob_kills":87,"minecraft:interact_with_crafting_table":27,"minecraft:leave_game":3,"minecraft:time_since_death":7691,"minecraft:climb_one_cm":170,"minecraft:sprint_one_cm":839182,"minecraft:walk_one_cm":265565,"minecraft:drop":38,"minecraft:damage_dealt_absorbed":109,"minecraft:play_time":248565,"minecraft:deaths":2,"minecraft:sneak_time":20335,"minecraft:walk_under_water_one_cm":6187,"minecraft:jump":11623,"minecraft:walk_on_water_one_cm":16051,"minecraft:total_world_time":248565,"minecraft:interact_with_furnace":79,"minecraft:sleep_in_bed":3,"minecraft:time_since_rest":5347,"minecraft:damage_taken":3333,"minecraft:damage_dealt":12632,"minecraft:swim_one_cm":22473,"minecraft:fly_one_cm":1151462,"minecraft:open_chest":20,"minecraft:crouch_one_cm":36273,"tombstone:undead_killed":25,"minecraft:fall_one_cm":154960,"minecraft:horse_one_cm":1382},"minecraft:picked_up":{"minecraft:crafting_table":10,"minecraft:chicken":2,"minecraft:string":8,"minecraft:raw_copper":16,"minecraft:iron_shovel":1,"minecraft:cobbled_deepslate":104,"minecraft:beef":113,"minecraft:sugar_cane":39,"minecraft:chest":1,"minecraft:furnace":17,"minecraft:stick":12,"minecraft:raw_iron":196,"minecraft:torch":50,"minecraft:porkchop":23,"tombstone:grave_dust":1,"minecraft:pointed_dripstone":3,"minecraft:diorite":15,"minecraft:redstone":5,"minecraft:orange_bed":1,"minecraft:arrow":7,"minecraft:rotten_flesh":9,"minecraft:mutton":6,"minecraft:white_wool":5,"minecraft:cobblestone":119,"minecraft:birch_log":11,"minecraft:feather":1,"minecraft:cooked_beef":23,"minecraft:andesite":19,"minecraft:leather":36,"minecraft:birch_planks":2,"minecraft:tuff":5,"minecraft:oak_log":55,"minecraft:gunpowder":3,"minecraft:dirt":19,"minecraft:lapis_lazuli":56,"minecraft:bone":9,"minecraft:apple":4,"minecraft:wheat_seeds":4,"alexsmobs:cockroach_wing_fragment":1,"minecraft:raw_gold":10,"minecraft:iron_ingot":4,"tombstone:bag_of_seeds":1,"minecraft:iron_sword":1,"minecraft:oak_planks":2,"minecraft:book":24,"minecraft:cooked_porkchop":1,"minecraft:gravel":3,"alexsmobs:crocodile_egg":1,"minecraft:white_bed":2,"minecraft:spider_eye":1,"minecraft:mossy_cobblestone":1,"minecraft:diamond":19,"minecraft:granite":9,"minecraft:emerald":2,"minecraft:oak_sapling":22,"tombstone:magic_scroll":1,"minecraft:coal":273}},"DataVersion":3120}