{"stats":{"minecraft:used":{"minecraft:wooden_sword":3,"minecraft:bread":4,"ecologics:seashell":1,"ecologics:coconut_slice":10},"minecraft:mined":{"minecraft:grass":12,"minecraft:grass_block":1,"ecologics:seashell":2,"minecraft:tall_grass":5},"minecraft:picked_up":{"minecraft:wooden_axe":1,"minecraft:wooden_sword":1,"minecraft:leather_boots":1,"minecraft:leather_chestplate":1,"minecraft:rotten_flesh":1,"ecologics:coconut_slice":10,"minecraft:leather_leggings":1,"ecologics:seashell":2,"minecraft:wheat_seeds":1,"minecraft:wooden_pickaxe":1,"sophisticatedbackpacks:backpack":1,"minecraft:bread":25,"ecologics:crab_claw":1,"minecraft:dirt":1,"minecraft:leather_helmet":1},"minecraft:killed_by":{"minecraft:player":1,"naturalist:lion":1},"minecraft:custom":{"minecraft:time_since_rest":1381,"minecraft:crouch_one_cm":1215,"minecraft:play_time":29845,"minecraft:sprint_one_cm":96765,"minecraft:walk_one_cm":50809,"minecraft:damage_taken":1082,"minecraft:deaths":2,"minecraft:sneak_time":578,"minecraft:mob_kills":1,"minecraft:drop":1,"minecraft:jump":830,"minecraft:damage_dealt":185,"minecraft:time_since_death":746,"minecraft:total_world_time":29845,"minecraft:interact_with_crafting_table":2,"minecraft:fall_one_cm":26297,"minecraft:fly_one_cm":211382},"minecraft:dropped":{"minecraft:bread":1}},"DataVersion":3120}