{"stats":{"minecraft:mined":{"minecraft:furnace":1,"minecraft:birch_log":22,"minecraft:birch_leaves":7,"minecraft:crafting_table":1,"minecraft:grass":10,"minecraft:grass_block":1,"minecraft:coal_ore":34,"ecologics:walnut_leaves":6,"minecraft:gravel":1,"minecraft:dirt":6,"ecologics:walnut_log":18,"minecraft:stone":24},"minecraft:custom":{"minecraft:time_since_rest":17634,"minecraft:interact_with_furnace":2,"minecraft:sprint_one_cm":53107,"minecraft:damage_taken":95,"minecraft:walk_one_cm":36157,"minecraft:mob_kills":19,"minecraft:drop":2,"minecraft:damage_dealt":2421,"minecraft:interact_with_crafting_table":3,"minecraft:fly_one_cm":63720,"minecraft:crouch_one_cm":5456,"minecraft:play_time":17634,"minecraft:sneak_time":2973,"minecraft:jump":436,"minecraft:time_since_death":17634,"minecraft:total_world_time":17634,"minecraft:fall_one_cm":6231},"minecraft:crafted":{"minecraft:cooked_beef":5,"minecraft:stone_shovel":1,"minecraft:crafting_table":14,"minecraft:stick":12,"ecologics:walnut_planks":68,"minecraft:wooden_pickaxe":1,"minecraft:stone_pickaxe":1,"minecraft:furnace":1,"minecraft:birch_planks":88,"minecraft:stone_axe":1,"minecraft:air":0},"minecraft:dropped":{"minecraft:dirt":6,"minecraft:wheat_seeds":1},"minecraft:used":{"minecraft:birch_planks":1,"minecraft:bread":2,"minecraft:stone_pickaxe":46,"minecraft:wooden_pickaxe":21,"minecraft:gravel":1,"minecraft:stone_axe":81,"minecraft:dirt":1,"minecraft:cobblestone":1,"minecraft:crafting_table":2,"minecraft:furnace":1,"minecraft:cooked_beef":1},"minecraft:picked_up":{"minecraft:birch_log":22,"minecraft:crafting_table":1,"ecologics:walnut_log":17,"minecraft:leather":7,"minecraft:potato":1,"minecraft:gravel":1,"minecraft:porkchop":11,"minecraft:dirt":7,"minecraft:wheat_seeds":1,"minecraft:beef":14,"minecraft:birch_sapling":3,"minecraft:mutton":6,"minecraft:coal":44,"minecraft:white_wool":4,"minecraft:cobblestone":23,"minecraft:furnace":1},"minecraft:killed":{"minecraft:sheep":4,"minecraft:zombie":1,"minecraft:pig":6,"minecraft:cow":8}},"DataVersion":3120}