{"stats":{"minecraft:dropped":{"minecraft:birch_planks":1,"minecraft:wheat_seeds":2,"minecraft:book":12,"minecraft:dirt":14,"minecraft:string":4,"minecraft:stone_axe":1,"minecraft:raw_copper":8,"minecraft:stone_shovel":1,"minecraft:rotten_flesh":3,"alexsmobs:cockroach_wing_fragment":1,"minecraft:gunpowder":2,"minecraft:oak_sapling":19,"minecraft:wooden_shovel":1,"minecraft:wooden_pickaxe":1},"minecraft:mined":{"minecraft:diamond_ore":3,"minecraft:white_bed":2,"minecraft:mossy_cobblestone":1,"minecraft:deepslate_diamond_ore":4,"minecraft:brewing_stand":1,"minecraft:granite":9,"minecraft:grass_block":7,"minecraft:spruce_leaves":2,"minecraft:furnace":16,"minecraft:iron_ore":48,"minecraft:cobbled_deepslate":1,"minecraft:andesite":13,"minecraft:bookshelf":4,"minecraft:deepslate_iron_ore":44,"minecraft:stone":85,"minecraft:orange_bed":1,"minecraft:powder_snow":4,"minecraft:crafting_table":9,"minecraft:torch":6,"minecraft:emerald_ore":1,"minecraft:tall_grass":2,"minecraft:copper_ore":2,"minecraft:cobblestone":5,"minecraft:deepslate_gold_ore":4,"minecraft:sugar_cane":17,"minecraft:diorite":14,"minecraft:wall_torch":4,"minecraft:birch_planks":1,"minecraft:birch_log":11,"minecraft:birch_leaves":8,"minecraft:grass":49,"minecraft:oak_log":45,"minecraft:coal_ore":70,"minecraft:gravel":3,"minecraft:dirt":6,"minecraft:gold_ore":1,"minecraft:oak_leaves":23,"minecraft:deepslate":35},"minecraft:crafted":{"minecraft:oak_planks":116,"minecraft:stone_shovel":1,"minecraft:cooked_chicken":2,"minecraft:furnace":8,"minecraft:cooked_mutton":2,"minecraft:iron_axe":1,"minecraft:stone_pickaxe":1,"minecraft:chest":1,"minecraft:cooked_beef":36,"minecraft:wooden_shovel":1,"sophisticatedbackpacks:backpack":1,"minecraft:cooked_porkchop":22,"minecraft:crafting_table":18,"minecraft:wooden_pickaxe":1,"minecraft:iron_helmet":1,"minecraft:iron_sword":1,"minecraft:birch_planks":44,"minecraft:stone_axe":1,"minecraft:air":0,"minecraft:iron_chestplate":1,"minecraft:stick":28,"minecraft:iron_ingot":34,"minecraft:iron_pickaxe":2,"minecraft:wooden_axe":1,"minecraft:iron_shovel":1,"minecraft:iron_leggings":1,"minecraft:white_bed":1,"minecraft:torch":32},"minecraft:used":{"minecraft:stone_shovel":2,"minecraft:iron_sword":28,"minecraft:wooden_shovel":6,"minecraft:cooked_chicken":2,"minecraft:iron_chestplate":1,"minecraft:torch":22,"minecraft:dirt":4,"minecraft:granite":9,"minecraft:wooden_axe":1,"minecraft:iron_axe":121,"minecraft:furnace":16,"tombstone:gift":2,"minecraft:cooked_beef":10,"minecraft:cobbled_deepslate":29,"minecraft:cooked_mutton":2,"minecraft:water_bucket":4,"minecraft:diorite":14,"minecraft:birch_planks":10,"minecraft:stone_pickaxe":135,"minecraft:oak_planks":13,"minecraft:wooden_pickaxe":14,"minecraft:crafting_table":11,"minecraft:white_bed":2,"tombstone:tablet_of_home":3,"minecraft:apple":3,"minecraft:bread":6,"minecraft:iron_pickaxe":214,"tombstone:magic_scroll":1,"minecraft:stone_axe":57,"minecraft:cobblestone":44,"minecraft:cooked_porkchop":20,"minecraft:bucket":5,"minecraft:andesite":12,"alexsmobs:animal_dictionary":30},"minecraft:killed":{"minecraft:spider":1,"minecraft:skeleton":3,"minecraft:horse":1,"minecraft:chicken":2,"minecraft:pig":12,"minecraft:creeper":1,"minecraft:sheep":5,"alexsmobs:cockroach":1,"alexsmobs:crocodile":1,"minecraft:zombie":6,"minecraft:cow":35},"minecraft:broken":{"minecraft:stone_pickaxe":1},"minecraft:custom":{"minecraft:mob_kills":68,"minecraft:interact_with_crafting_table":22,"minecraft:leave_game":2,"minecraft:time_since_death":148731,"minecraft:climb_one_cm":170,"minecraft:sprint_one_cm":632116,"minecraft:walk_one_cm":210416,"minecraft:drop":31,"minecraft:play_time":200999,"minecraft:deaths":1,"minecraft:sneak_time":14961,"minecraft:walk_under_water_one_cm":5616,"minecraft:jump":10758,"minecraft:walk_on_water_one_cm":14428,"minecraft:total_world_time":200999,"minecraft:interact_with_furnace":73,"minecraft:sleep_in_bed":3,"minecraft:time_since_rest":13760,"minecraft:damage_taken":2410,"minecraft:damage_dealt":8429,"minecraft:swim_one_cm":21250,"minecraft:fly_one_cm":1027258,"minecraft:open_chest":9,"minecraft:crouch_one_cm":26831,"tombstone:undead_killed":9,"minecraft:fall_one_cm":138808,"minecraft:horse_one_cm":1382},"minecraft:picked_up":{"minecraft:crafting_table":9,"minecraft:chicken":2,"minecraft:string":6,"minecraft:raw_copper":16,"minecraft:iron_shovel":1,"minecraft:cobbled_deepslate":80,"minecraft:beef":113,"minecraft:sugar_cane":32,"minecraft:chest":1,"minecraft:furnace":16,"minecraft:stick":8,"minecraft:raw_iron":89,"minecraft:torch":35,"minecraft:porkchop":23,"minecraft:diorite":14,"minecraft:orange_bed":1,"minecraft:arrow":1,"minecraft:rotten_flesh":2,"minecraft:mutton":6,"minecraft:white_wool":5,"minecraft:cobblestone":103,"minecraft:birch_log":11,"minecraft:feather":1,"minecraft:cooked_beef":23,"minecraft:andesite":13,"minecraft:leather":36,"minecraft:birch_planks":2,"minecraft:oak_log":42,"minecraft:gunpowder":3,"minecraft:dirt":19,"minecraft:bone":4,"minecraft:apple":3,"minecraft:wheat_seeds":4,"minecraft:raw_gold":4,"alexsmobs:cockroach_wing_fragment":1,"minecraft:iron_ingot":3,"minecraft:book":24,"minecraft:cooked_porkchop":1,"alexsmobs:crocodile_egg":1,"minecraft:gravel":3,"minecraft:white_bed":2,"minecraft:mossy_cobblestone":1,"minecraft:diamond":7,"minecraft:granite":9,"minecraft:emerald":1,"minecraft:oak_sapling":19,"tombstone:magic_scroll":1,"minecraft:coal":266}},"DataVersion":3120}