{"stats":{"minecraft:picked_up":{"minecraft:oak_log":5,"minecraft:birch_log":6},"minecraft:custom":{"minecraft:jump":35,"minecraft:time_since_rest":3095,"minecraft:crouch_one_cm":188,"minecraft:walk_on_water_one_cm":90,"minecraft:sprint_one_cm":3934,"minecraft:play_time":3095,"minecraft:damage_taken":30,"minecraft:time_since_death":3095,"minecraft:walk_one_cm":2816,"minecraft:sneak_time":108,"minecraft:total_world_time":3095,"minecraft:fall_one_cm":687,"minecraft:fly_one_cm":3543},"minecraft:mined":{"minecraft:birch_log":6,"minecraft:oak_log":5,"minecraft:birch_leaves":1,"minecraft:oak_leaves":2},"minecraft:used":{"alexsmobs:animal_dictionary":1},"minecraft:crafted":{"minecraft:crafting_table":1,"minecraft:birch_planks":20,"minecraft:stick":12}},"DataVersion":3120}