{"stats":{"minecraft:used":{"minecraft:wooden_sword":3,"minecraft:bread":3},"minecraft:mined":{"minecraft:grass":8,"minecraft:grass_block":1,"minecraft:tall_grass":1},"minecraft:picked_up":{"minecraft:wooden_axe":1,"minecraft:wooden_sword":1,"minecraft:leather_boots":1,"minecraft:leather_chestplate":1,"ecologics:coconut_slice":2,"minecraft:leather_leggings":1,"minecraft:wheat_seeds":1,"minecraft:wooden_pickaxe":1,"sophisticatedbackpacks:backpack":1,"minecraft:bread":25,"minecraft:dirt":1,"minecraft:leather_helmet":1},"minecraft:killed_by":{"naturalist:lion":1},"minecraft:custom":{"minecraft:time_since_rest":14673,"minecraft:crouch_one_cm":348,"minecraft:play_time":17845,"minecraft:sprint_one_cm":51203,"minecraft:walk_one_cm":34557,"minecraft:damage_taken":237,"minecraft:deaths":1,"minecraft:sneak_time":163,"minecraft:mob_kills":1,"minecraft:drop":1,"minecraft:jump":459,"minecraft:damage_dealt":135,"minecraft:time_since_death":14642,"minecraft:total_world_time":17845,"minecraft:fall_one_cm":13341,"minecraft:fly_one_cm":113706},"minecraft:dropped":{"minecraft:bread":1}},"DataVersion":3120}