{"stats":{"minecraft:picked_up":{"minecraft:birch_log":11,"minecraft:crafting_table":3,"minecraft:cooked_porkchop":1,"minecraft:leather":3,"minecraft:torch":3,"minecraft:birch_planks":2,"minecraft:porkchop":9,"minecraft:oak_log":21,"minecraft:gunpowder":1,"minecraft:dirt":13,"minecraft:raw_copper":8,"minecraft:beef":5,"minecraft:sugar_cane":3,"minecraft:mutton":2,"minecraft:coal":61,"minecraft:white_wool":2,"minecraft:cobblestone":30,"minecraft:furnace":2},"minecraft:custom":{"minecraft:time_since_rest":27095,"minecraft:interact_with_furnace":9,"minecraft:sprint_one_cm":88709,"minecraft:damage_taken":100,"minecraft:walk_one_cm":42157,"minecraft:mob_kills":11,"minecraft:drop":4,"minecraft:damage_dealt":1160,"minecraft:interact_with_crafting_table":7,"minecraft:swim_one_cm":794,"minecraft:fly_one_cm":72154,"minecraft:crouch_one_cm":5173,"minecraft:play_time":27095,"minecraft:sneak_time":3342,"minecraft:walk_under_water_one_cm":578,"minecraft:jump":569,"minecraft:walk_on_water_one_cm":2887,"minecraft:time_since_death":27095,"minecraft:total_world_time":27095,"minecraft:fall_one_cm":8907},"minecraft:dropped":{"minecraft:dirt":6,"minecraft:birch_planks":1,"minecraft:wooden_shovel":1,"minecraft:wooden_pickaxe":1},"minecraft:mined":{"minecraft:birch_planks":1,"minecraft:furnace":2,"minecraft:birch_log":11,"minecraft:birch_leaves":6,"minecraft:torch":1,"minecraft:crafting_table":3,"minecraft:grass":1,"minecraft:coal_ore":36,"minecraft:grass_block":3,"minecraft:oak_log":21,"minecraft:dirt":4,"minecraft:copper_ore":2,"minecraft:stone":33,"minecraft:sugar_cane":1,"minecraft:oak_leaves":7,"minecraft:wall_torch":2},"minecraft:killed":{"minecraft:sheep":2,"minecraft:pig":4,"minecraft:creeper":1,"minecraft:cow":4},"minecraft:used":{"minecraft:cooked_mutton":2,"minecraft:wooden_axe":1,"minecraft:birch_planks":10,"minecraft:stone_pickaxe":60,"minecraft:oak_planks":13,"minecraft:wooden_pickaxe":14,"minecraft:wooden_shovel":6,"minecraft:torch":5,"minecraft:stone_axe":39,"minecraft:dirt":1,"minecraft:crafting_table":4,"minecraft:furnace":2,"minecraft:cooked_porkchop":1,"alexsmobs:animal_dictionary":14},"minecraft:crafted":{"minecraft:oak_planks":84,"minecraft:wooden_shovel":1,"minecraft:stone_shovel":1,"minecraft:cooked_porkchop":8,"minecraft:crafting_table":17,"minecraft:stick":20,"minecraft:wooden_pickaxe":1,"minecraft:stone_pickaxe":1,"minecraft:wooden_axe":1,"minecraft:furnace":2,"minecraft:torch":32,"minecraft:birch_planks":24,"minecraft:stone_axe":1,"minecraft:cooked_mutton":2,"minecraft:air":0}},"DataVersion":3120}