{"stats":{"minecraft:used":{"naturalist:lizard_tail":1,"vct:birch_crafting_table":2,"minecraft:birch_planks":8,"minecraft:bread":3,"minecraft:stone_pickaxe":6,"minecraft:wooden_pickaxe":24,"minecraft:stone_axe":83,"minecraft:dirt":9,"minecraft:cobblestone":14},"minecraft:custom":{"minecraft:time_since_rest":18902,"minecraft:sprint_one_cm":60864,"minecraft:damage_taken":230,"minecraft:walk_one_cm":16417,"minecraft:damage_dealt":130,"minecraft:swim_one_cm":548,"minecraft:interact_with_crafting_table":4,"minecraft:fly_one_cm":49314,"minecraft:crouch_one_cm":2595,"minecraft:play_time":18902,"minecraft:sneak_time":1354,"minecraft:walk_under_water_one_cm":520,"minecraft:jump":280,"minecraft:leave_game":2,"minecraft:walk_on_water_one_cm":145,"minecraft:time_since_death":18902,"minecraft:total_world_time":18902,"minecraft:fall_one_cm":2614},"minecraft:mined":{"minecraft:birch_log":75,"minecraft:birch_leaves":14,"vct:birch_crafting_table":2,"minecraft:grass":4,"minecraft:grass_block":4,"minecraft:dirt":5,"minecraft:cobblestone":5,"minecraft:stone":16},"minecraft:picked_up":{"minecraft:birch_log":75,"minecraft:stick":1,"minecraft:feather":3,"minecraft:wooden_pickaxe":1,"naturalist:lizard_tail":1,"minecraft:dirt":27,"minecraft:wheat_seeds":2,"vct:birch_crafting_table":2,"minecraft:birch_sapling":6,"minecraft:cobblestone":21},"minecraft:crafted":{"minecraft:stone_shovel":1,"minecraft:stick":12,"minecraft:wooden_pickaxe":1,"vct:birch_crafting_table":1,"minecraft:stone_pickaxe":1,"minecraft:birch_planks":276,"minecraft:stone_axe":1}},"DataVersion":3120}