{"stats":{"minecraft:dropped":{"minecraft:iron_sword":1,"minecraft:birch_planks":1,"minecraft:wheat_seeds":2,"minecraft:book":12,"minecraft:dirt":14,"tombstone:grave_dust":1,"minecraft:iron_pickaxe":1,"minecraft:string":4,"minecraft:stone_axe":1,"minecraft:raw_copper":8,"minecraft:pointed_dripstone":3,"minecraft:stone_shovel":1,"minecraft:rotten_flesh":4,"alexsmobs:cockroach_wing_fragment":1,"minecraft:gunpowder":3,"minecraft:andesite":6,"minecraft:oak_sapling":23,"minecraft:wooden_shovel":1,"minecraft:wooden_pickaxe":1},"minecraft:mined":{"minecraft:diamond_ore":3,"minecraft:tuff":6,"minecraft:white_bed":2,"minecraft:mossy_cobblestone":1,"minecraft:deepslate_diamond_ore":22,"minecraft:brewing_stand":1,"minecraft:granite":9,"minecraft:grass_block":7,"minecraft:spruce_leaves":2,"minecraft:furnace":20,"minecraft:iron_ore":93,"minecraft:cobbled_deepslate":2,"minecraft:andesite":19,"minecraft:deepslate_lapis_ore":7,"minecraft:sculk_shrieker":9,"minecraft:bookshelf":4,"minecraft:pointed_dripstone":1,"minecraft:deepslate_iron_ore":77,"minecraft:stone":114,"minecraft:orange_bed":1,"minecraft:deepslate_redstone_ore":1,"minecraft:powder_snow":4,"minecraft:crafting_table":13,"minecraft:torch":18,"minecraft:emerald_ore":1,"minecraft:sculk_sensor":1,"minecraft:tall_grass":2,"minecraft:copper_ore":2,"minecraft:cobblestone":7,"minecraft:lapis_ore":7,"minecraft:deepslate_gold_ore":9,"minecraft:sugar_cane":22,"minecraft:oak_planks":2,"minecraft:sculk":4,"minecraft:diorite":14,"minecraft:wall_torch":15,"minecraft:birch_planks":1,"minecraft:birch_log":11,"minecraft:birch_leaves":8,"minecraft:grass":51,"minecraft:oak_log":56,"minecraft:coal_ore":70,"minecraft:gravel":4,"minecraft:dirt":6,"minecraft:gold_ore":2,"minecraft:deepslate_emerald_ore":1,"minecraft:oak_leaves":27,"minecraft:deepslate":101},"minecraft:crafted":{"minecraft:oak_planks":220,"minecraft:stone_shovel":1,"minecraft:cooked_chicken":2,"minecraft:furnace":8,"minecraft:cooked_mutton":6,"minecraft:bow":1,"minecraft:iron_axe":1,"minecraft:stone_pickaxe":1,"minecraft:chest":1,"minecraft:oak_button":1,"minecraft:cooked_beef":36,"minecraft:wooden_shovel":1,"sophisticatedbackpacks:backpack":1,"minecraft:cooked_porkchop":22,"minecraft:crafting_table":18,"minecraft:wooden_pickaxe":1,"minecraft:iron_helmet":1,"minecraft:iron_sword":1,"minecraft:birch_planks":44,"minecraft:stone_axe":1,"minecraft:air":0,"minecraft:iron_chestplate":1,"minecraft:stick":72,"minecraft:iron_pickaxe":4,"minecraft:iron_ingot":56,"minecraft:wooden_axe":1,"minecraft:iron_shovel":1,"minecraft:iron_leggings":1,"minecraft:white_bed":1,"minecraft:torch":80},"minecraft:used":{"minecraft:stone_shovel":2,"minecraft:iron_sword":131,"minecraft:sculk":1,"minecraft:wooden_shovel":6,"minecraft:cooked_chicken":2,"minecraft:iron_chestplate":1,"minecraft:torch":59,"minecraft:dirt":4,"minecraft:tuff":4,"minecraft:granite":9,"minecraft:wooden_axe":1,"minecraft:iron_axe":143,"minecraft:bow":5,"minecraft:furnace":20,"tombstone:gift":6,"minecraft:cooked_beef":11,"minecraft:cobbled_deepslate":93,"minecraft:cooked_mutton":6,"minecraft:water_bucket":26,"minecraft:diorite":14,"minecraft:birch_planks":10,"minecraft:stone_pickaxe":135,"minecraft:oak_planks":109,"minecraft:wooden_pickaxe":14,"minecraft:crafting_table":17,"minecraft:white_bed":2,"tombstone:tablet_of_home":3,"minecraft:apple":3,"minecraft:bread":12,"minecraft:iron_pickaxe":463,"tombstone:magic_scroll":1,"minecraft:stone_axe":57,"minecraft:cobblestone":70,"minecraft:cooked_porkchop":23,"minecraft:andesite":12,"minecraft:bucket":26,"alexsmobs:animal_dictionary":30},"minecraft:killed_by":{"minecraft:zombie":1},"minecraft:killed":{"endofherobrine:zombie":1,"minecraft:spider":2,"minecraft:skeleton":11,"minecraft:horse":1,"minecraft:chicken":2,"minecraft:pig":12,"minecraft:creeper":2,"minecraft:sheep":5,"minecraft:zombie":15,"alexsmobs:crocodile":1,"alexsmobs:cockroach":1,"minecraft:cow":35},"minecraft:broken":{"minecraft:stone_pickaxe":1,"minecraft:iron_pickaxe":1},"minecraft:custom":{"minecraft:mob_kills":89,"minecraft:interact_with_crafting_table":32,"minecraft:leave_game":3,"minecraft:time_since_death":43691,"minecraft:climb_one_cm":1418,"minecraft:sprint_one_cm":936935,"minecraft:walk_one_cm":287542,"minecraft:drop":39,"minecraft:damage_dealt_absorbed":109,"minecraft:play_time":284565,"minecraft:deaths":2,"minecraft:sneak_time":33004,"minecraft:walk_under_water_one_cm":8584,"minecraft:jump":12344,"minecraft:walk_on_water_one_cm":19568,"minecraft:total_world_time":284565,"minecraft:interact_with_furnace":90,"minecraft:sleep_in_bed":3,"minecraft:time_since_rest":41347,"minecraft:damage_taken":3613,"minecraft:damage_dealt":13042,"minecraft:swim_one_cm":22940,"minecraft:fly_one_cm":1254391,"minecraft:open_chest":31,"minecraft:crouch_one_cm":79377,"tombstone:undead_killed":26,"minecraft:fall_one_cm":176391,"minecraft:horse_one_cm":1382},"minecraft:picked_up":{"minecraft:crafting_table":13,"minecraft:chicken":2,"minecraft:string":8,"minecraft:raw_copper":16,"minecraft:iron_shovel":1,"minecraft:cobbled_deepslate":145,"minecraft:beef":113,"minecraft:sugar_cane":39,"minecraft:chest":1,"minecraft:furnace":19,"minecraft:stick":12,"minecraft:raw_iron":218,"minecraft:torch":57,"minecraft:porkchop":23,"tombstone:grave_dust":1,"minecraft:pointed_dripstone":3,"minecraft:diorite":15,"minecraft:redstone":5,"minecraft:orange_bed":1,"minecraft:arrow":7,"minecraft:rotten_flesh":9,"minecraft:mutton":6,"minecraft:white_wool":5,"minecraft:cobblestone":137,"minecraft:birch_log":11,"minecraft:feather":1,"minecraft:cooked_beef":23,"minecraft:andesite":19,"minecraft:leather":36,"minecraft:birch_planks":2,"minecraft:tuff":6,"minecraft:oak_log":55,"minecraft:gunpowder":4,"minecraft:dirt":19,"minecraft:lapis_lazuli":84,"minecraft:bone":9,"minecraft:apple":4,"minecraft:wheat_seeds":4,"alexsmobs:cockroach_wing_fragment":1,"minecraft:raw_gold":10,"minecraft:iron_ingot":6,"tombstone:bag_of_seeds":1,"minecraft:iron_sword":1,"minecraft:oak_planks":2,"minecraft:book":24,"minecraft:cooked_porkchop":1,"minecraft:gravel":3,"alexsmobs:crocodile_egg":1,"minecraft:white_bed":2,"minecraft:spider_eye":1,"minecraft:mossy_cobblestone":1,"minecraft:diamond":25,"minecraft:granite":9,"minecraft:emerald":2,"minecraft:oak_sapling":22,"tombstone:magic_scroll":1,"minecraft:coal":273}},"DataVersion":3120}