{"stats":{"minecraft:dropped":{"minecraft:birch_planks":1,"minecraft:wheat_seeds":2,"minecraft:book":12,"minecraft:dirt":14,"tombstone:grave_dust":1,"minecraft:string":4,"minecraft:stone_axe":1,"minecraft:raw_copper":8,"minecraft:pointed_dripstone":3,"minecraft:stone_shovel":1,"minecraft:rotten_flesh":3,"alexsmobs:cockroach_wing_fragment":1,"minecraft:gunpowder":2,"minecraft:andesite":6,"minecraft:oak_sapling":23,"minecraft:wooden_shovel":1,"minecraft:wooden_pickaxe":1},"minecraft:mined":{"minecraft:diamond_ore":3,"minecraft:tuff":2,"minecraft:white_bed":2,"minecraft:mossy_cobblestone":1,"minecraft:deepslate_diamond_ore":8,"minecraft:brewing_stand":1,"minecraft:granite":9,"minecraft:grass_block":7,"minecraft:spruce_leaves":2,"minecraft:furnace":17,"minecraft:iron_ore":90,"minecraft:cobbled_deepslate":1,"minecraft:andesite":19,"minecraft:deepslate_lapis_ore":7,"minecraft:bookshelf":4,"minecraft:pointed_dripstone":1,"minecraft:deepslate_iron_ore":63,"minecraft:stone":95,"minecraft:orange_bed":1,"minecraft:deepslate_redstone_ore":1,"minecraft:powder_snow":4,"minecraft:crafting_table":10,"minecraft:torch":9,"minecraft:emerald_ore":1,"minecraft:tall_grass":2,"minecraft:copper_ore":2,"minecraft:cobblestone":6,"minecraft:lapis_ore":3,"minecraft:deepslate_gold_ore":7,"minecraft:sugar_cane":22,"minecraft:oak_planks":1,"minecraft:diorite":14,"minecraft:wall_torch":8,"minecraft:birch_planks":1,"minecraft:birch_log":11,"minecraft:birch_leaves":8,"minecraft:grass":51,"minecraft:oak_log":56,"minecraft:coal_ore":70,"minecraft:gravel":3,"minecraft:dirt":6,"minecraft:gold_ore":2,"minecraft:deepslate_emerald_ore":1,"minecraft:oak_leaves":27,"minecraft:deepslate":51},"minecraft:crafted":{"minecraft:oak_planks":220,"minecraft:stone_shovel":1,"minecraft:cooked_chicken":2,"minecraft:furnace":8,"minecraft:cooked_mutton":2,"minecraft:iron_axe":1,"minecraft:stone_pickaxe":1,"minecraft:chest":1,"minecraft:oak_button":1,"minecraft:cooked_beef":36,"minecraft:wooden_shovel":1,"sophisticatedbackpacks:backpack":1,"minecraft:cooked_porkchop":22,"minecraft:crafting_table":18,"minecraft:wooden_pickaxe":1,"minecraft:iron_helmet":1,"minecraft:iron_sword":1,"minecraft:birch_planks":44,"minecraft:stone_axe":1,"minecraft:air":0,"minecraft:iron_chestplate":1,"minecraft:stick":72,"minecraft:iron_pickaxe":3,"minecraft:iron_ingot":37,"minecraft:wooden_axe":1,"minecraft:iron_shovel":1,"minecraft:iron_leggings":1,"minecraft:white_bed":1,"minecraft:torch":80},"minecraft:used":{"minecraft:stone_shovel":2,"minecraft:iron_sword":78,"minecraft:wooden_shovel":6,"minecraft:cooked_chicken":2,"minecraft:iron_chestplate":1,"minecraft:torch":34,"minecraft:dirt":4,"minecraft:granite":9,"minecraft:wooden_axe":1,"minecraft:iron_axe":139,"minecraft:furnace":17,"tombstone:gift":4,"minecraft:cooked_beef":10,"minecraft:cobbled_deepslate":32,"minecraft:cooked_mutton":2,"minecraft:water_bucket":9,"minecraft:diorite":14,"minecraft:birch_planks":10,"minecraft:stone_pickaxe":135,"minecraft:oak_planks":67,"minecraft:wooden_pickaxe":14,"minecraft:crafting_table":13,"minecraft:white_bed":2,"tombstone:tablet_of_home":3,"minecraft:apple":3,"minecraft:bread":10,"minecraft:iron_pickaxe":333,"tombstone:magic_scroll":1,"minecraft:stone_axe":57,"minecraft:cobblestone":51,"minecraft:cooked_porkchop":23,"minecraft:andesite":12,"minecraft:bucket":10,"alexsmobs:animal_dictionary":30},"minecraft:killed":{"minecraft:spider":2,"minecraft:skeleton":6,"minecraft:horse":1,"minecraft:chicken":2,"minecraft:pig":12,"minecraft:creeper":1,"minecraft:sheep":5,"minecraft:zombie":13,"alexsmobs:crocodile":1,"alexsmobs:cockroach":1,"minecraft:cow":35},"minecraft:broken":{"minecraft:stone_pickaxe":1,"minecraft:iron_pickaxe":1},"minecraft:custom":{"minecraft:mob_kills":80,"minecraft:interact_with_crafting_table":27,"minecraft:leave_game":3,"minecraft:time_since_death":172297,"minecraft:climb_one_cm":170,"minecraft:sprint_one_cm":752317,"minecraft:walk_one_cm":241945,"minecraft:drop":35,"minecraft:play_time":224565,"minecraft:deaths":1,"minecraft:sneak_time":18894,"minecraft:walk_under_water_one_cm":6187,"minecraft:jump":11222,"minecraft:walk_on_water_one_cm":15485,"minecraft:total_world_time":224565,"minecraft:interact_with_furnace":76,"minecraft:sleep_in_bed":3,"minecraft:time_since_rest":37326,"minecraft:damage_taken":2800,"minecraft:damage_dealt":10879,"minecraft:swim_one_cm":22473,"minecraft:fly_one_cm":1106375,"minecraft:open_chest":12,"minecraft:crouch_one_cm":33302,"tombstone:undead_killed":19,"minecraft:fall_one_cm":150010,"minecraft:horse_one_cm":1382},"minecraft:picked_up":{"minecraft:crafting_table":10,"minecraft:chicken":2,"minecraft:string":8,"minecraft:raw_copper":16,"minecraft:iron_shovel":1,"minecraft:cobbled_deepslate":96,"minecraft:beef":113,"minecraft:sugar_cane":39,"minecraft:chest":1,"minecraft:furnace":17,"minecraft:stick":12,"minecraft:raw_iron":195,"minecraft:torch":41,"minecraft:porkchop":23,"tombstone:grave_dust":1,"minecraft:pointed_dripstone":3,"minecraft:diorite":15,"minecraft:redstone":5,"minecraft:orange_bed":1,"minecraft:arrow":3,"minecraft:rotten_flesh":8,"minecraft:mutton":6,"minecraft:white_wool":5,"minecraft:cobblestone":118,"minecraft:birch_log":11,"minecraft:feather":1,"minecraft:cooked_beef":23,"minecraft:andesite":19,"minecraft:leather":36,"minecraft:birch_planks":2,"minecraft:tuff":2,"minecraft:oak_log":55,"minecraft:gunpowder":3,"minecraft:dirt":19,"minecraft:lapis_lazuli":56,"minecraft:bone":6,"minecraft:apple":4,"minecraft:wheat_seeds":4,"alexsmobs:cockroach_wing_fragment":1,"minecraft:raw_gold":8,"minecraft:iron_ingot":4,"minecraft:oak_planks":1,"minecraft:book":24,"minecraft:cooked_porkchop":1,"minecraft:gravel":3,"alexsmobs:crocodile_egg":1,"minecraft:white_bed":2,"minecraft:spider_eye":1,"minecraft:mossy_cobblestone":1,"minecraft:diamond":11,"minecraft:granite":9,"minecraft:emerald":2,"minecraft:oak_sapling":22,"tombstone:magic_scroll":1,"minecraft:coal":270}},"DataVersion":3120}