{"stats":{"minecraft:dropped":{"minecraft:birch_planks":1,"minecraft:wheat_seeds":2,"minecraft:book":12,"minecraft:dirt":14,"minecraft:string":4,"minecraft:stone_axe":1,"minecraft:raw_copper":8,"minecraft:stone_shovel":1,"minecraft:rotten_flesh":3,"alexsmobs:cockroach_wing_fragment":1,"minecraft:gunpowder":2,"minecraft:oak_sapling":18,"minecraft:wooden_shovel":1,"minecraft:wooden_pickaxe":1},"minecraft:mined":{"minecraft:diamond_ore":3,"minecraft:mossy_cobblestone":1,"minecraft:deepslate_diamond_ore":4,"minecraft:brewing_stand":1,"minecraft:granite":9,"minecraft:grass_block":7,"minecraft:spruce_leaves":2,"minecraft:furnace":14,"minecraft:iron_ore":48,"minecraft:cobbled_deepslate":1,"minecraft:andesite":13,"minecraft:bookshelf":4,"minecraft:deepslate_iron_ore":44,"minecraft:stone":84,"minecraft:orange_bed":1,"minecraft:powder_snow":4,"minecraft:crafting_table":8,"minecraft:torch":6,"minecraft:tall_grass":2,"minecraft:copper_ore":2,"minecraft:cobblestone":5,"minecraft:deepslate_gold_ore":4,"minecraft:sugar_cane":13,"minecraft:diorite":14,"minecraft:wall_torch":4,"minecraft:birch_planks":1,"minecraft:birch_log":11,"minecraft:birch_leaves":7,"minecraft:grass":39,"minecraft:oak_log":25,"minecraft:coal_ore":70,"minecraft:gravel":3,"minecraft:dirt":6,"minecraft:gold_ore":1,"minecraft:oak_leaves":9,"minecraft:deepslate":35},"minecraft:crafted":{"minecraft:oak_planks":100,"minecraft:stone_shovel":1,"minecraft:cooked_chicken":2,"minecraft:furnace":8,"minecraft:cooked_mutton":2,"minecraft:iron_axe":1,"minecraft:stone_pickaxe":1,"minecraft:chest":1,"minecraft:cooked_beef":19,"minecraft:wooden_shovel":1,"sophisticatedbackpacks:backpack":1,"minecraft:cooked_porkchop":19,"minecraft:crafting_table":18,"minecraft:wooden_pickaxe":1,"minecraft:iron_helmet":1,"minecraft:iron_sword":1,"minecraft:birch_planks":44,"minecraft:stone_axe":1,"minecraft:air":0,"minecraft:iron_chestplate":1,"minecraft:stick":28,"minecraft:iron_ingot":34,"minecraft:iron_pickaxe":2,"minecraft:wooden_axe":1,"minecraft:iron_shovel":1,"minecraft:iron_leggings":1,"minecraft:torch":32},"minecraft:used":{"minecraft:stone_shovel":2,"minecraft:iron_sword":23,"minecraft:wooden_shovel":6,"minecraft:cooked_chicken":2,"minecraft:iron_chestplate":1,"minecraft:torch":22,"minecraft:dirt":4,"minecraft:granite":9,"minecraft:wooden_axe":1,"minecraft:iron_axe":82,"minecraft:furnace":14,"tombstone:gift":2,"minecraft:cooked_beef":10,"minecraft:cobbled_deepslate":29,"minecraft:cooked_mutton":2,"minecraft:water_bucket":2,"minecraft:diorite":14,"minecraft:birch_planks":10,"minecraft:stone_pickaxe":135,"minecraft:oak_planks":13,"minecraft:wooden_pickaxe":14,"minecraft:crafting_table":10,"tombstone:tablet_of_home":3,"minecraft:apple":3,"minecraft:bread":2,"minecraft:iron_pickaxe":210,"tombstone:magic_scroll":1,"minecraft:stone_axe":57,"minecraft:cobblestone":41,"minecraft:cooked_porkchop":19,"minecraft:bucket":3,"minecraft:andesite":12,"alexsmobs:animal_dictionary":30},"minecraft:killed":{"minecraft:spider":1,"minecraft:skeleton":2,"minecraft:horse":1,"minecraft:chicken":2,"minecraft:pig":12,"minecraft:creeper":1,"minecraft:sheep":2,"alexsmobs:cockroach":1,"alexsmobs:crocodile":1,"minecraft:zombie":6,"minecraft:cow":31},"minecraft:broken":{"minecraft:stone_pickaxe":1},"minecraft:custom":{"minecraft:mob_kills":60,"minecraft:interact_with_crafting_table":19,"minecraft:leave_game":2,"minecraft:time_since_death":122914,"minecraft:sprint_one_cm":525393,"minecraft:walk_one_cm":184829,"minecraft:drop":30,"minecraft:play_time":175182,"minecraft:deaths":1,"minecraft:sneak_time":13427,"minecraft:walk_under_water_one_cm":4088,"minecraft:jump":9955,"minecraft:walk_on_water_one_cm":11093,"minecraft:total_world_time":175182,"minecraft:interact_with_furnace":62,"minecraft:time_since_rest":121388,"minecraft:damage_taken":2226,"minecraft:damage_dealt":7493,"minecraft:swim_one_cm":18456,"minecraft:fly_one_cm":841177,"minecraft:open_chest":9,"minecraft:crouch_one_cm":23504,"tombstone:undead_killed":8,"minecraft:fall_one_cm":115491,"minecraft:horse_one_cm":1382},"minecraft:picked_up":{"minecraft:crafting_table":8,"minecraft:chicken":2,"minecraft:string":6,"minecraft:raw_copper":16,"minecraft:iron_shovel":1,"minecraft:cobbled_deepslate":80,"minecraft:beef":105,"minecraft:sugar_cane":23,"minecraft:chest":1,"minecraft:furnace":14,"minecraft:stick":5,"minecraft:raw_iron":89,"minecraft:torch":35,"minecraft:porkchop":23,"minecraft:diorite":14,"minecraft:orange_bed":1,"minecraft:arrow":1,"minecraft:rotten_flesh":2,"minecraft:mutton":2,"minecraft:white_wool":2,"minecraft:cobblestone":102,"minecraft:birch_log":11,"minecraft:feather":1,"minecraft:cooked_beef":23,"minecraft:andesite":13,"minecraft:leather":33,"minecraft:birch_planks":2,"minecraft:oak_log":25,"minecraft:gunpowder":3,"minecraft:dirt":19,"minecraft:bone":4,"minecraft:apple":3,"minecraft:wheat_seeds":3,"alexsmobs:cockroach_wing_fragment":1,"minecraft:raw_gold":4,"minecraft:iron_ingot":3,"minecraft:book":24,"minecraft:cooked_porkchop":1,"alexsmobs:crocodile_egg":1,"minecraft:gravel":3,"minecraft:mossy_cobblestone":1,"minecraft:diamond":7,"minecraft:granite":9,"minecraft:oak_sapling":18,"tombstone:magic_scroll":1,"minecraft:coal":249}},"DataVersion":3120}