{"stats":{"minecraft:picked_up":{"minecraft:birch_log":11,"minecraft:crafting_table":5,"minecraft:andesite":13,"minecraft:leather":3,"minecraft:birch_planks":2,"minecraft:oak_log":25,"minecraft:gunpowder":2,"minecraft:dirt":15,"minecraft:raw_copper":8,"minecraft:iron_shovel":1,"minecraft:bone":4,"minecraft:apple":3,"alexsmobs:cockroach_wing_fragment":1,"minecraft:cobbled_deepslate":79,"minecraft:raw_gold":4,"minecraft:iron_ingot":3,"minecraft:beef":5,"minecraft:sugar_cane":11,"minecraft:furnace":5,"minecraft:raw_iron":54,"minecraft:stick":5,"minecraft:cooked_porkchop":1,"minecraft:torch":34,"minecraft:porkchop":9,"minecraft:diorite":14,"minecraft:mossy_cobblestone":1,"minecraft:arrow":1,"minecraft:rotten_flesh":2,"minecraft:diamond":7,"minecraft:granite":9,"tombstone:magic_scroll":1,"minecraft:oak_sapling":18,"minecraft:mutton":2,"minecraft:coal":104,"minecraft:white_wool":2,"minecraft:cobblestone":89},"minecraft:custom":{"minecraft:interact_with_furnace":27,"minecraft:mob_kills":18,"minecraft:interact_with_crafting_table":14,"minecraft:time_since_death":10827,"minecraft:time_since_rest":9301,"minecraft:sprint_one_cm":206404,"minecraft:damage_taken":717,"minecraft:walk_one_cm":78045,"minecraft:drop":12,"minecraft:damage_dealt":2372,"minecraft:swim_one_cm":2116,"minecraft:fly_one_cm":194113,"minecraft:open_chest":2,"minecraft:crouch_one_cm":17626,"minecraft:play_time":63095,"tombstone:undead_killed":6,"minecraft:deaths":1,"minecraft:sneak_time":9829,"minecraft:walk_under_water_one_cm":1078,"minecraft:jump":1241,"minecraft:walk_on_water_one_cm":5511,"minecraft:total_world_time":63095,"minecraft:fall_one_cm":25557},"minecraft:dropped":{"minecraft:stone_axe":1,"minecraft:birch_planks":1,"minecraft:stone_shovel":1,"minecraft:rotten_flesh":3,"minecraft:dirt":14,"alexsmobs:cockroach_wing_fragment":1,"minecraft:oak_sapling":18,"minecraft:wooden_shovel":1,"minecraft:wooden_pickaxe":1},"minecraft:broken":{"minecraft:stone_pickaxe":1},"minecraft:mined":{"minecraft:diamond_ore":3,"minecraft:mossy_cobblestone":1,"minecraft:deepslate_diamond_ore":4,"minecraft:crafting_table":5,"minecraft:torch":6,"minecraft:granite":9,"minecraft:grass_block":4,"minecraft:cobblestone":5,"minecraft:copper_ore":2,"minecraft:deepslate_gold_ore":4,"minecraft:sugar_cane":6,"minecraft:diorite":14,"minecraft:wall_torch":3,"minecraft:birch_planks":1,"minecraft:furnace":5,"minecraft:birch_log":11,"minecraft:iron_ore":11,"minecraft:andesite":13,"minecraft:birch_leaves":6,"minecraft:grass":2,"minecraft:oak_log":25,"minecraft:coal_ore":36,"minecraft:deepslate_iron_ore":44,"minecraft:dirt":5,"minecraft:stone":70,"minecraft:gold_ore":1,"minecraft:deepslate":35,"minecraft:oak_leaves":8},"minecraft:killed":{"minecraft:pig":4,"minecraft:creeper":1,"minecraft:skeleton":2,"minecraft:sheep":2,"alexsmobs:cockroach":1,"minecraft:zombie":4,"minecraft:cow":4},"minecraft:used":{"minecraft:cooked_mutton":2,"minecraft:diorite":14,"minecraft:birch_planks":10,"minecraft:stone_shovel":2,"minecraft:stone_pickaxe":135,"minecraft:oak_planks":13,"minecraft:wooden_pickaxe":14,"minecraft:iron_sword":11,"minecraft:wooden_shovel":6,"minecraft:iron_chestplate":1,"minecraft:torch":21,"minecraft:dirt":1,"minecraft:crafting_table":6,"tombstone:tablet_of_home":3,"minecraft:granite":9,"minecraft:wooden_axe":1,"minecraft:bread":1,"minecraft:iron_axe":1,"minecraft:iron_pickaxe":113,"tombstone:magic_scroll":1,"minecraft:stone_axe":57,"minecraft:cobblestone":24,"minecraft:furnace":5,"minecraft:cooked_porkchop":6,"minecraft:andesite":12,"tombstone:gift":2,"alexsmobs:animal_dictionary":25,"minecraft:cobbled_deepslate":21},"minecraft:crafted":{"minecraft:oak_planks":84,"minecraft:wooden_shovel":1,"minecraft:stone_shovel":1,"minecraft:cooked_porkchop":8,"minecraft:crafting_table":17,"minecraft:wooden_pickaxe":1,"minecraft:iron_helmet":1,"minecraft:iron_sword":1,"minecraft:furnace":2,"minecraft:birch_planks":44,"minecraft:stone_axe":1,"minecraft:cooked_mutton":2,"minecraft:air":0,"minecraft:iron_chestplate":1,"minecraft:iron_axe":1,"minecraft:stick":28,"minecraft:iron_ingot":34,"minecraft:iron_pickaxe":2,"minecraft:stone_pickaxe":1,"minecraft:wooden_axe":1,"minecraft:iron_shovel":1,"minecraft:iron_leggings":1,"minecraft:torch":32}},"DataVersion":3120}