{"stats":{"minecraft:picked_up":{"minecraft:birch_log":11,"minecraft:crafting_table":4,"minecraft:andesite":11,"minecraft:leather":3,"minecraft:birch_planks":2,"minecraft:oak_log":21,"minecraft:gunpowder":1,"minecraft:dirt":15,"minecraft:raw_copper":8,"minecraft:apple":3,"minecraft:cobbled_deepslate":8,"minecraft:raw_gold":1,"minecraft:iron_ingot":1,"minecraft:beef":5,"minecraft:sugar_cane":3,"minecraft:furnace":3,"minecraft:raw_iron":37,"minecraft:stick":5,"minecraft:cooked_porkchop":1,"minecraft:torch":8,"minecraft:porkchop":9,"minecraft:diorite":14,"minecraft:rotten_flesh":2,"minecraft:granite":9,"tombstone:magic_scroll":1,"minecraft:oak_sapling":9,"minecraft:mutton":2,"minecraft:coal":85,"minecraft:white_wool":2,"minecraft:cobblestone":65},"minecraft:custom":{"minecraft:interact_with_furnace":13,"minecraft:mob_kills":15,"minecraft:interact_with_crafting_table":8,"minecraft:time_since_death":39095,"minecraft:time_since_rest":39095,"minecraft:sprint_one_cm":102196,"minecraft:damage_taken":215,"minecraft:walk_one_cm":57425,"minecraft:drop":5,"minecraft:damage_dealt":1961,"minecraft:swim_one_cm":794,"minecraft:fly_one_cm":88492,"minecraft:crouch_one_cm":10886,"minecraft:play_time":39095,"tombstone:undead_killed":4,"minecraft:sneak_time":6159,"minecraft:walk_under_water_one_cm":578,"minecraft:jump":716,"minecraft:walk_on_water_one_cm":2887,"minecraft:total_world_time":39095,"minecraft:fall_one_cm":11651},"minecraft:dropped":{"minecraft:birch_planks":1,"minecraft:rotten_flesh":2,"minecraft:dirt":6,"minecraft:wooden_shovel":1,"minecraft:wooden_pickaxe":1},"minecraft:broken":{"minecraft:stone_pickaxe":1},"minecraft:mined":{"minecraft:crafting_table":4,"minecraft:torch":4,"minecraft:granite":9,"minecraft:grass_block":4,"minecraft:copper_ore":2,"minecraft:sugar_cane":1,"minecraft:diorite":14,"minecraft:wall_torch":3,"minecraft:birch_planks":1,"minecraft:furnace":3,"minecraft:birch_log":11,"minecraft:iron_ore":11,"minecraft:andesite":11,"minecraft:birch_leaves":6,"minecraft:grass":1,"minecraft:oak_log":21,"minecraft:coal_ore":36,"minecraft:deepslate_iron_ore":26,"minecraft:dirt":5,"minecraft:stone":69,"minecraft:gold_ore":1,"minecraft:deepslate":9,"minecraft:oak_leaves":7},"minecraft:killed":{"minecraft:pig":4,"minecraft:creeper":1,"minecraft:sheep":2,"minecraft:zombie":4,"minecraft:cow":4},"minecraft:used":{"minecraft:cooked_mutton":2,"minecraft:diorite":14,"minecraft:birch_planks":10,"minecraft:stone_shovel":2,"minecraft:stone_pickaxe":135,"minecraft:oak_planks":13,"minecraft:wooden_pickaxe":14,"minecraft:wooden_shovel":6,"minecraft:torch":14,"minecraft:dirt":1,"minecraft:crafting_table":5,"minecraft:wooden_axe":1,"minecraft:iron_pickaxe":47,"tombstone:magic_scroll":1,"minecraft:stone_axe":57,"minecraft:furnace":5,"minecraft:cooked_porkchop":3,"alexsmobs:animal_dictionary":23,"minecraft:cobbled_deepslate":2},"minecraft:crafted":{"minecraft:oak_planks":84,"minecraft:wooden_shovel":1,"minecraft:stone_shovel":1,"minecraft:cooked_porkchop":8,"minecraft:crafting_table":17,"minecraft:wooden_pickaxe":1,"minecraft:furnace":2,"minecraft:birch_planks":24,"minecraft:stone_axe":1,"minecraft:cooked_mutton":2,"minecraft:air":0,"minecraft:stick":20,"minecraft:iron_ingot":3,"minecraft:iron_pickaxe":1,"minecraft:stone_pickaxe":1,"minecraft:wooden_axe":1,"minecraft:torch":32}},"DataVersion":3120}