{"stats":{"minecraft:picked_up":{"minecraft:birch_log":11,"minecraft:crafting_table":2,"minecraft:torch":3,"minecraft:birch_planks":2,"minecraft:porkchop":9,"minecraft:oak_log":21,"minecraft:gunpowder":1,"minecraft:dirt":13,"minecraft:raw_copper":8,"minecraft:mutton":2,"minecraft:coal":36,"minecraft:white_wool":2,"minecraft:cobblestone":30},"minecraft:custom":{"minecraft:time_since_rest":15095,"minecraft:interact_with_furnace":5,"minecraft:sprint_one_cm":21358,"minecraft:damage_taken":30,"minecraft:walk_one_cm":35182,"minecraft:mob_kills":7,"minecraft:drop":4,"minecraft:damage_dealt":760,"minecraft:interact_with_crafting_table":7,"minecraft:swim_one_cm":421,"minecraft:fly_one_cm":14969,"minecraft:crouch_one_cm":4906,"minecraft:play_time":15095,"minecraft:sneak_time":3222,"minecraft:walk_under_water_one_cm":523,"minecraft:jump":259,"minecraft:walk_on_water_one_cm":2107,"minecraft:time_since_death":15095,"minecraft:total_world_time":15095,"minecraft:fall_one_cm":4687},"minecraft:dropped":{"minecraft:dirt":6,"minecraft:birch_planks":1,"minecraft:wooden_shovel":1,"minecraft:wooden_pickaxe":1},"minecraft:mined":{"minecraft:birch_planks":1,"minecraft:birch_log":11,"minecraft:birch_leaves":3,"minecraft:torch":1,"minecraft:crafting_table":2,"minecraft:coal_ore":36,"minecraft:grass_block":3,"minecraft:oak_log":21,"minecraft:dirt":4,"minecraft:copper_ore":2,"minecraft:stone":33,"minecraft:oak_leaves":5,"minecraft:wall_torch":2},"minecraft:killed":{"minecraft:sheep":2,"minecraft:pig":4,"minecraft:creeper":1},"minecraft:used":{"minecraft:wooden_axe":1,"minecraft:birch_planks":10,"minecraft:stone_pickaxe":58,"minecraft:oak_planks":2,"minecraft:wooden_pickaxe":14,"minecraft:wooden_shovel":6,"minecraft:torch":3,"minecraft:stone_axe":32,"minecraft:dirt":1,"minecraft:crafting_table":4,"minecraft:furnace":2,"minecraft:cooked_porkchop":1,"alexsmobs:animal_dictionary":1},"minecraft:crafted":{"minecraft:oak_planks":84,"minecraft:wooden_shovel":1,"minecraft:stone_shovel":1,"minecraft:cooked_porkchop":4,"minecraft:crafting_table":17,"minecraft:stick":20,"minecraft:wooden_pickaxe":1,"minecraft:stone_pickaxe":1,"minecraft:wooden_axe":1,"minecraft:furnace":2,"minecraft:torch":32,"minecraft:birch_planks":24,"minecraft:stone_axe":1,"minecraft:cooked_mutton":2,"minecraft:air":0}},"DataVersion":3120}