{"stats":{"minecraft:mined":{"minecraft:grass":1,"minecraft:grass_block":4,"minecraft:dirt":4,"minecraft:birch_log":20,"minecraft:stone":16,"minecraft:birch_leaves":4,"vct:birch_crafting_table":1},"minecraft:custom":{"minecraft:time_since_rest":6260,"minecraft:crouch_one_cm":393,"minecraft:play_time":6260,"minecraft:sprint_one_cm":5378,"minecraft:damage_taken":20,"minecraft:walk_one_cm":5298,"minecraft:sneak_time":275,"minecraft:jump":55,"minecraft:damage_dealt":90,"minecraft:leave_game":1,"minecraft:time_since_death":6260,"minecraft:total_world_time":6260,"minecraft:interact_with_crafting_table":2,"minecraft:fly_one_cm":5293},"minecraft:crafted":{"minecraft:stone_shovel":1,"minecraft:birch_planks":20,"minecraft:stone_axe":1,"minecraft:stick":12,"vct:birch_crafting_table":1,"minecraft:wooden_pickaxe":1,"minecraft:stone_pickaxe":1},"minecraft:picked_up":{"minecraft:birch_log":20,"vct:birch_crafting_table":1,"minecraft:birch_sapling":2,"minecraft:dirt":8,"minecraft:cobblestone":16},"minecraft:used":{"vct:birch_crafting_table":1,"minecraft:stone_axe":21,"minecraft:wooden_pickaxe":24}},"DataVersion":3120}