{"stats":{"minecraft:picked_up":{"minecraft:birch_log":17,"minecraft:magma_block":1,"minecraft:crafting_table":6,"minecraft:salmon":8,"minecraft:andesite":3,"minecraft:leather":3,"minecraft:oak_log":15,"minecraft:string":6,"minecraft:lapis_lazuli":24,"minecraft:dirt":21,"tombstone:gift":1,"minecraft:bone":2,"minecraft:bow":1,"minecraft:cobbled_deepslate":16,"minecraft:raw_gold":5,"minecraft:beef":4,"minecraft:rose_bush":1,"tombstone:bag_of_seeds":1,"minecraft:birch_sapling":6,"minecraft:furnace":3,"minecraft:stick":7,"minecraft:raw_iron":11,"minecraft:oak_door":15,"minecraft:torch":2,"minecraft:gravel":5,"minecraft:sand":2,"tombstone:grave_dust":2,"minecraft:ink_sac":3,"minecraft:arrow":5,"minecraft:rotten_flesh":15,"minecraft:diamond":1,"minecraft:oak_sapling":5,"minecraft:coal":52,"minecraft:cobblestone":102},"minecraft:custom":{"minecraft:interact_with_furnace":22,"minecraft:mob_kills":25,"minecraft:interact_with_crafting_table":14,"minecraft:time_since_death":63917,"minecraft:time_since_rest":63917,"minecraft:sprint_one_cm":103417,"minecraft:damage_taken":1145,"minecraft:walk_one_cm":87141,"minecraft:drop":13,"minecraft:damage_dealt":3303,"minecraft:swim_one_cm":109432,"minecraft:fly_one_cm":51596,"minecraft:play_time":63917,"tombstone:undead_killed":10,"minecraft:sneak_time":1034,"minecraft:walk_under_water_one_cm":55258,"minecraft:jump":545,"minecraft:walk_on_water_one_cm":27084,"minecraft:total_world_time":63917,"minecraft:fall_one_cm":8435},"minecraft:dropped":{"minecraft:gravel":5,"minecraft:birch_sapling":3,"minecraft:cobblestone":1,"minecraft:rotten_flesh":7,"minecraft:leather":3,"minecraft:wooden_axe":1,"minecraft:andesite":3,"minecraft:wooden_sword":1,"minecraft:stone_pickaxe":1,"minecraft:wooden_pickaxe":1,"minecraft:string":4},"minecraft:mined":{"minecraft:deepslate_diamond_ore":1,"minecraft:oak_door":13,"minecraft:crafting_table":6,"minecraft:torch":2,"minecraft:grass_block":10,"minecraft:cobblestone":2,"minecraft:lapis_ore":4,"minecraft:deepslate_gold_ore":5,"minecraft:seagrass":2,"minecraft:magma_block":1,"minecraft:furnace":3,"minecraft:birch_log":17,"minecraft:iron_ore":12,"minecraft:andesite":3,"minecraft:grass":1,"minecraft:oak_log":15,"minecraft:coal_ore":54,"minecraft:deepslate_iron_ore":4,"minecraft:gravel":5,"minecraft:sand":2,"minecraft:dirt":15,"minecraft:stone":125,"minecraft:oak_leaves":9,"minecraft:deepslate":16},"minecraft:killed":{"minecraft:salmon":8,"minecraft:spider":4,"minecraft:squid":1,"minecraft:skeleton":3,"minecraft:zombie":7,"minecraft:cow":2},"minecraft:used":{"minecraft:oak_trapdoor":2,"minecraft:stone_sword":14,"minecraft:stone_pickaxe":184,"minecraft:wooden_pickaxe":17,"minecraft:cooked_salmon":8,"minecraft:oak_door":16,"minecraft:torch":2,"minecraft:dirt":11,"minecraft:crafting_table":7,"minecraft:wooden_axe":9,"minecraft:iron_axe":47,"minecraft:iron_pickaxe":43,"minecraft:stone_axe":28,"minecraft:bow":4,"minecraft:cobblestone":13,"minecraft:furnace":3,"alexsmobs:animal_dictionary":1},"minecraft:crafted":{"minecraft:wooden_sword":1,"minecraft:oak_door":3,"minecraft:oak_planks":60,"minecraft:crafting_table":3,"minecraft:wooden_pickaxe":1,"minecraft:furnace":2,"minecraft:cooked_salmon":8,"minecraft:stone_axe":1,"minecraft:air":0,"minecraft:oak_trapdoor":2,"minecraft:charcoal":17,"minecraft:iron_axe":1,"minecraft:stick":40,"minecraft:iron_ingot":11,"minecraft:iron_pickaxe":1,"minecraft:stone_pickaxe":2,"minecraft:wooden_axe":1,"minecraft:stone_sword":1,"minecraft:gold_ingot":5,"minecraft:torch":48}},"DataVersion":3120}