{"stats":{"minecraft:picked_up":{"minecraft:birch_log":17,"minecraft:magma_block":1,"minecraft:crafting_table":6,"minecraft:feather":3,"minecraft:chicken":4,"minecraft:salmon":8,"minecraft:andesite":3,"minecraft:leather":10,"minecraft:enchanted_book":1,"minecraft:oak_log":15,"minecraft:string":6,"minecraft:lapis_lazuli":24,"minecraft:dirt":23,"tombstone:gift":1,"minecraft:bone":2,"minecraft:bow":1,"minecraft:cobbled_deepslate":16,"minecraft:raw_gold":5,"minecraft:beef":12,"minecraft:rose_bush":1,"tombstone:bag_of_seeds":1,"minecraft:birch_sapling":6,"minecraft:furnace":4,"minecraft:stick":7,"minecraft:raw_iron":11,"minecraft:oak_door":15,"minecraft:torch":2,"minecraft:porkchop":11,"minecraft:gravel":5,"minecraft:sand":7,"tombstone:grave_dust":2,"minecraft:ink_sac":3,"minecraft:arrow":5,"minecraft:rotten_flesh":15,"minecraft:diamond":1,"minecraft:oak_sapling":5,"minecraft:mutton":3,"minecraft:black_wool":1,"minecraft:coal":57,"minecraft:white_wool":1,"minecraft:cobblestone":103},"minecraft:custom":{"minecraft:interact_with_furnace":28,"minecraft:mob_kills":40,"minecraft:interact_with_crafting_table":14,"minecraft:time_since_death":75917,"minecraft:time_since_rest":75917,"minecraft:sprint_one_cm":145085,"minecraft:damage_taken":1145,"minecraft:walk_one_cm":103326,"minecraft:drop":23,"minecraft:damage_dealt":4503,"minecraft:swim_one_cm":109432,"minecraft:fly_one_cm":93329,"minecraft:play_time":75917,"tombstone:undead_killed":10,"minecraft:sneak_time":1034,"minecraft:walk_under_water_one_cm":55258,"minecraft:jump":728,"minecraft:walk_on_water_one_cm":32189,"minecraft:total_world_time":75917,"minecraft:fall_one_cm":11839},"minecraft:dropped":{"minecraft:gravel":5,"minecraft:wheat_seeds":3,"minecraft:cobbled_deepslate":16,"minecraft:birch_sapling":6,"minecraft:cobblestone":1,"minecraft:rotten_flesh":15,"minecraft:oak_planks":6,"minecraft:leather":3,"minecraft:wooden_axe":1,"minecraft:andesite":3,"minecraft:rose_bush":1,"minecraft:oak_sapling":5,"minecraft:wooden_sword":1,"minecraft:sand":7,"minecraft:stone_pickaxe":1,"minecraft:wooden_pickaxe":1,"minecraft:string":4,"minecraft:black_wool":1,"minecraft:bone":2},"minecraft:mined":{"minecraft:deepslate_diamond_ore":1,"minecraft:oak_door":13,"minecraft:crafting_table":6,"minecraft:torch":2,"minecraft:grass_block":12,"minecraft:tall_grass":2,"minecraft:cobblestone":2,"minecraft:lapis_ore":4,"minecraft:deepslate_gold_ore":5,"minecraft:seagrass":2,"minecraft:magma_block":1,"minecraft:furnace":4,"minecraft:birch_log":17,"minecraft:iron_ore":12,"minecraft:birch_leaves":1,"minecraft:andesite":3,"minecraft:grass":1,"minecraft:oak_log":15,"minecraft:coal_ore":60,"minecraft:deepslate_iron_ore":4,"minecraft:gravel":5,"minecraft:sand":7,"minecraft:dirt":15,"minecraft:stone":126,"minecraft:oak_leaves":9,"minecraft:deepslate":16},"minecraft:killed":{"minecraft:pig":4,"minecraft:salmon":8,"minecraft:spider":4,"minecraft:squid":1,"minecraft:sheep":2,"minecraft:skeleton":3,"minecraft:zombie":7,"minecraft:chicken":3,"endofherobrine:chicken":1,"alexsmobs:crow":1,"minecraft:cow":6},"minecraft:used":{"minecraft:cooked_mutton":3,"minecraft:oak_trapdoor":2,"minecraft:stone_sword":19,"minecraft:stone_pickaxe":184,"minecraft:wooden_pickaxe":17,"minecraft:cooked_salmon":8,"minecraft:oak_door":16,"minecraft:torch":2,"minecraft:dirt":11,"minecraft:crafting_table":7,"tombstone:bag_of_seeds":2,"minecraft:wooden_axe":9,"minecraft:iron_axe":62,"minecraft:iron_pickaxe":51,"minecraft:stone_axe":28,"minecraft:bow":4,"minecraft:cobblestone":13,"minecraft:furnace":4,"tombstone:gift":2,"alexsmobs:animal_dictionary":1},"minecraft:crafted":{"minecraft:cooked_beef":4,"minecraft:wooden_sword":1,"minecraft:oak_door":3,"minecraft:oak_planks":60,"minecraft:crafting_table":3,"minecraft:wooden_pickaxe":1,"minecraft:furnace":2,"minecraft:cooked_salmon":8,"minecraft:stone_axe":1,"minecraft:cooked_mutton":3,"minecraft:air":0,"minecraft:oak_trapdoor":2,"minecraft:charcoal":17,"minecraft:iron_axe":1,"minecraft:stick":40,"minecraft:iron_ingot":11,"minecraft:iron_pickaxe":1,"minecraft:stone_pickaxe":2,"minecraft:wooden_axe":1,"minecraft:stone_sword":1,"minecraft:gold_ingot":5,"minecraft:torch":48}},"DataVersion":3120}