{"stats":{"minecraft:picked_up":{"minecraft:birch_log":17,"minecraft:raw_iron":1,"minecraft:stick":7,"minecraft:crafting_table":3,"minecraft:oak_door":1,"minecraft:salmon":8,"minecraft:gravel":1,"minecraft:oak_log":15,"minecraft:ink_sac":3,"minecraft:dirt":12,"minecraft:oak_sapling":4,"minecraft:birch_sapling":3,"minecraft:cobblestone":94,"minecraft:furnace":1},"minecraft:custom":{"minecraft:time_since_rest":27917,"minecraft:interact_with_furnace":11,"minecraft:sprint_one_cm":39538,"minecraft:damage_taken":300,"minecraft:walk_one_cm":42169,"minecraft:mob_kills":9,"minecraft:damage_dealt":383,"minecraft:swim_one_cm":44888,"minecraft:interact_with_crafting_table":8,"minecraft:fly_one_cm":18531,"minecraft:play_time":27917,"minecraft:sneak_time":413,"minecraft:walk_under_water_one_cm":20233,"minecraft:jump":180,"minecraft:walk_on_water_one_cm":7915,"minecraft:time_since_death":27917,"minecraft:total_world_time":27917,"minecraft:fall_one_cm":1678},"minecraft:mined":{"minecraft:seagrass":2,"minecraft:furnace":1,"minecraft:oak_door":1,"minecraft:birch_log":17,"minecraft:iron_ore":1,"minecraft:crafting_table":3,"minecraft:grass_block":3,"minecraft:oak_log":15,"minecraft:gravel":2,"minecraft:dirt":13,"minecraft:stone":119,"minecraft:oak_leaves":6},"minecraft:killed":{"minecraft:salmon":8,"minecraft:squid":1},"minecraft:used":{"minecraft:oak_trapdoor":2,"minecraft:wooden_axe":9,"minecraft:stone_sword":13,"minecraft:stone_pickaxe":113,"minecraft:wooden_pickaxe":17,"minecraft:cooked_salmon":3,"minecraft:stone_axe":21,"minecraft:oak_door":2,"minecraft:dirt":11,"minecraft:crafting_table":5,"minecraft:furnace":2,"alexsmobs:animal_dictionary":1},"minecraft:crafted":{"minecraft:wooden_sword":1,"minecraft:oak_door":3,"minecraft:oak_planks":60,"minecraft:charcoal":17,"minecraft:crafting_table":3,"minecraft:stick":40,"minecraft:iron_ingot":1,"minecraft:wooden_pickaxe":1,"minecraft:stone_pickaxe":1,"minecraft:wooden_axe":1,"minecraft:stone_sword":1,"minecraft:furnace":2,"minecraft:cooked_salmon":8,"minecraft:stone_axe":1,"minecraft:air":0,"minecraft:oak_trapdoor":2}},"DataVersion":3120}