{"stats":{"minecraft:picked_up":{"minecraft:birch_log":7,"minecraft:raw_iron":1,"minecraft:stick":1,"minecraft:crafting_table":2,"minecraft:gravel":1,"minecraft:oak_log":15,"minecraft:dirt":7,"minecraft:oak_sapling":1,"minecraft:cobblestone":94},"minecraft:custom":{"minecraft:time_since_rest":15917,"minecraft:sprint_one_cm":15144,"minecraft:walk_one_cm":23422,"minecraft:damage_dealt":43,"minecraft:swim_one_cm":6193,"minecraft:interact_with_crafting_table":6,"minecraft:fly_one_cm":5274,"minecraft:play_time":15917,"minecraft:sneak_time":162,"minecraft:walk_under_water_one_cm":5434,"minecraft:jump":78,"minecraft:walk_on_water_one_cm":2636,"minecraft:time_since_death":15917,"minecraft:total_world_time":15917,"minecraft:fall_one_cm":269},"minecraft:mined":{"minecraft:birch_log":10,"minecraft:iron_ore":1,"minecraft:crafting_table":2,"minecraft:grass_block":1,"minecraft:oak_log":15,"minecraft:gravel":2,"minecraft:dirt":10,"minecraft:stone":119,"minecraft:oak_leaves":5},"minecraft:used":{"minecraft:oak_trapdoor":2,"minecraft:wooden_axe":9,"minecraft:stone_pickaxe":112,"minecraft:wooden_pickaxe":17,"minecraft:stone_axe":11,"minecraft:dirt":5,"minecraft:crafting_table":4,"minecraft:furnace":1},"minecraft:crafted":{"minecraft:wooden_sword":1,"minecraft:oak_planks":60,"minecraft:crafting_table":2,"minecraft:stick":40,"minecraft:wooden_pickaxe":1,"minecraft:stone_pickaxe":1,"minecraft:wooden_axe":1,"minecraft:stone_sword":1,"minecraft:furnace":1,"minecraft:stone_axe":1,"minecraft:oak_trapdoor":2}},"DataVersion":3120}