{"stats":{"minecraft:picked_up":{"minecraft:birch_log":17,"minecraft:magma_block":1,"minecraft:crafting_table":5,"minecraft:salmon":8,"minecraft:andesite":3,"minecraft:oak_log":15,"minecraft:lapis_lazuli":24,"minecraft:dirt":12,"minecraft:bow":1,"minecraft:cobbled_deepslate":16,"minecraft:raw_gold":5,"minecraft:birch_sapling":3,"minecraft:furnace":2,"minecraft:stick":7,"minecraft:raw_iron":11,"minecraft:oak_door":15,"minecraft:torch":2,"minecraft:gravel":5,"minecraft:ink_sac":3,"minecraft:arrow":2,"minecraft:diamond":1,"minecraft:oak_sapling":4,"minecraft:coal":52,"minecraft:cobblestone":100},"minecraft:custom":{"minecraft:interact_with_furnace":20,"minecraft:mob_kills":10,"minecraft:interact_with_crafting_table":14,"minecraft:time_since_death":51917,"minecraft:time_since_rest":51917,"minecraft:sprint_one_cm":55191,"minecraft:damage_taken":800,"minecraft:walk_one_cm":50527,"minecraft:drop":1,"minecraft:damage_dealt":673,"minecraft:swim_one_cm":105157,"minecraft:fly_one_cm":29686,"minecraft:play_time":51917,"tombstone:undead_killed":1,"minecraft:sneak_time":1034,"minecraft:walk_under_water_one_cm":54919,"minecraft:jump":318,"minecraft:walk_on_water_one_cm":23924,"minecraft:total_world_time":51917,"minecraft:fall_one_cm":4203},"minecraft:dropped":{"minecraft:cobblestone":1},"minecraft:mined":{"minecraft:deepslate_diamond_ore":1,"minecraft:oak_door":13,"minecraft:crafting_table":5,"minecraft:torch":2,"minecraft:grass_block":3,"minecraft:cobblestone":1,"minecraft:lapis_ore":4,"minecraft:deepslate_gold_ore":5,"minecraft:seagrass":2,"minecraft:magma_block":1,"minecraft:furnace":2,"minecraft:birch_log":17,"minecraft:iron_ore":12,"minecraft:andesite":3,"minecraft:oak_log":15,"minecraft:coal_ore":54,"minecraft:deepslate_iron_ore":4,"minecraft:gravel":5,"minecraft:dirt":13,"minecraft:stone":124,"minecraft:oak_leaves":6,"minecraft:deepslate":16},"minecraft:killed":{"minecraft:salmon":8,"minecraft:squid":1,"minecraft:skeleton":1},"minecraft:used":{"minecraft:oak_trapdoor":2,"minecraft:stone_sword":13,"minecraft:stone_pickaxe":184,"minecraft:wooden_pickaxe":17,"minecraft:cooked_salmon":5,"minecraft:oak_door":16,"minecraft:torch":2,"minecraft:dirt":11,"minecraft:crafting_table":7,"minecraft:wooden_axe":9,"minecraft:iron_axe":11,"minecraft:iron_pickaxe":36,"minecraft:stone_axe":28,"minecraft:bow":2,"minecraft:cobblestone":9,"minecraft:furnace":3,"alexsmobs:animal_dictionary":1},"minecraft:crafted":{"minecraft:wooden_sword":1,"minecraft:oak_door":3,"minecraft:oak_planks":60,"minecraft:crafting_table":3,"minecraft:wooden_pickaxe":1,"minecraft:furnace":2,"minecraft:cooked_salmon":8,"minecraft:stone_axe":1,"minecraft:air":0,"minecraft:oak_trapdoor":2,"minecraft:charcoal":17,"minecraft:iron_axe":1,"minecraft:stick":40,"minecraft:iron_ingot":11,"minecraft:iron_pickaxe":1,"minecraft:stone_pickaxe":2,"minecraft:wooden_axe":1,"minecraft:stone_sword":1,"minecraft:gold_ingot":4,"minecraft:torch":48}},"DataVersion":3120}