{"stats":{"minecraft:picked_up":{"minecraft:birch_log":17,"minecraft:raw_iron":6,"minecraft:stick":7,"minecraft:crafting_table":5,"minecraft:andesite":1,"minecraft:oak_door":12,"minecraft:salmon":8,"minecraft:gravel":1,"minecraft:oak_log":15,"minecraft:ink_sac":3,"minecraft:lapis_lazuli":24,"minecraft:dirt":12,"minecraft:oak_sapling":4,"minecraft:birch_sapling":3,"minecraft:coal":52,"minecraft:cobblestone":98,"minecraft:furnace":2},"minecraft:custom":{"minecraft:time_since_rest":39917,"minecraft:interact_with_furnace":14,"minecraft:sprint_one_cm":39538,"minecraft:damage_taken":520,"minecraft:walk_one_cm":43037,"minecraft:mob_kills":9,"minecraft:damage_dealt":383,"minecraft:swim_one_cm":61586,"minecraft:interact_with_crafting_table":13,"minecraft:fly_one_cm":18531,"minecraft:play_time":39917,"minecraft:sneak_time":702,"minecraft:walk_under_water_one_cm":33510,"minecraft:jump":198,"minecraft:walk_on_water_one_cm":14977,"minecraft:time_since_death":39917,"minecraft:total_world_time":39917,"minecraft:fall_one_cm":1678},"minecraft:mined":{"minecraft:seagrass":2,"minecraft:furnace":2,"minecraft:oak_door":9,"minecraft:birch_log":17,"minecraft:iron_ore":8,"minecraft:andesite":1,"minecraft:crafting_table":5,"minecraft:coal_ore":54,"minecraft:grass_block":3,"minecraft:oak_log":15,"minecraft:gravel":2,"minecraft:dirt":13,"minecraft:lapis_ore":4,"minecraft:stone":124,"minecraft:oak_leaves":6},"minecraft:killed":{"minecraft:salmon":8,"minecraft:squid":1},"minecraft:used":{"minecraft:oak_trapdoor":2,"minecraft:wooden_axe":9,"minecraft:stone_sword":13,"minecraft:iron_axe":3,"minecraft:stone_pickaxe":184,"minecraft:iron_pickaxe":1,"minecraft:wooden_pickaxe":17,"minecraft:cooked_salmon":4,"minecraft:stone_axe":28,"minecraft:oak_door":12,"minecraft:dirt":11,"minecraft:crafting_table":7,"minecraft:furnace":3,"alexsmobs:animal_dictionary":1},"minecraft:crafted":{"minecraft:wooden_sword":1,"minecraft:oak_door":3,"minecraft:oak_planks":60,"minecraft:charcoal":17,"minecraft:iron_axe":1,"minecraft:crafting_table":3,"minecraft:iron_pickaxe":1,"minecraft:stick":40,"minecraft:iron_ingot":6,"minecraft:wooden_pickaxe":1,"minecraft:stone_pickaxe":2,"minecraft:wooden_axe":1,"minecraft:stone_sword":1,"minecraft:furnace":2,"minecraft:cooked_salmon":8,"minecraft:torch":48,"minecraft:stone_axe":1,"minecraft:air":0,"minecraft:oak_trapdoor":2}},"DataVersion":3120}